item,id,categoria,orador_real_se_M,confianca,justificativa
1,data_014#24,M,PRESIDENTE,alta,"70 mil deslocados e 'compensação, não indenização' ditos pelo Presidente, citando Paulo César Pereira Marques; Alexandre Sampaio não diz isso."
2,data_017#8,S,,alta,"Sebastião questiona parlamentar ser amigo íntimo de Ministro do STF, 'troca de favores', 'isso retira a independência' (frases 263-280)."
3,data_022#10,S,,media,Igor Luna defende modelo e tributação equilibrados e tratamento regulatório compatível com a importância do setor; 'não inibir crescimento' é paráfrase.
4,data_023#14,M,GUSTAVO BONINI,alta,'Trabalhar com incrementos percentuais para a descarbonização' é frase de Gustavo Bonini (459); Tiago só fala da importância do biometano.
5,data_029#18,S,,alta,Silvio: modelo de segurança pública 'precisa de ressignificações'; propõe ressignificar a lógica e a doutrina policial (376-391).
6,data_031#26,M,ROMILSON MARTINS SIQUEIRA,media,Diálogo/pactuação com Municípios no PARFOR é de Romilson; Mariana só 'concorda com tudo' e fala de diálogo sobre o PIBID.
7,data_035#8,M,RODRIGO LOPES ZILIO,alta,Simplificação sem perder transparência: Zilio; 'garantia republicana': Walber Agra. Thiago não menciona transparência nem garantia republicana.
8,data_037#12,S,,alta,Puppio celebra instituição da Subcomissão e promete trabalhar pelo reconhecimento e investimento no paradesporto.
9,data_048#8,D,,alta,"Inversão: Pedroso critica ironicamente a ADI 4.277 ('entre aspas', 'como se'); quem concorda com o STF é Pastor Henrique Vieira."
10,data_057#18,S,,media,"Daniel Cara expõe violência 'às escolas', cinco ações articuladas e 'primeira ação integrada do Governo Federal'."
11,data_060#14,M,FERNANDO SILVEIRA,alta,Crítica à Tabela SUS vs. custo de dispositivos é de Fernando Silveira (e Presidente); Maíra defende reajustes e regulamentação da tabela.
12,data_062#16,S,,alta,Fábio relata estabilidade de 6 anos com inotersena após tafamidis e diz que tafamidis 'não é o suficiente'.
13,data_063#17,S,,alta,Sandro: 'é dever do Estado custear o idoso institucionalizado'; instituições fecham por omissão de repasses.
14,data_069#4,D,,media,"Ministra descreve o Eleitor do Futuro (engaja crianças/jovens por nível), mas é projeto antigo das escolas; 'desenvolveu' acrescenta autoria."
15,data_077#10,S,,alta,"Marcos agradece a oportunidade e cumprimenta o Deputado 'pela visão clara e objetiva, pela sabedoria sobre o nosso setor' (842)."
16,data_084#26,S,,alta,Julia: impossível atender crianças sem considerar importância do vínculo e do apego no desenvolvimento infantil.
17,data_096#14,D,,media,"Cely relata a experiência com a filha, mas a ênfase em diagnóstico precoce/tratamento contínuo é de Erika Kokay e Benjamim Vale."
18,data_101#20,M,ALCINO REIS ROCHA,alta,"Capacitação das forças de segurança é dita por Alcino Reis Rocha (214, 224); Sarrubbo fala de centros de segurança e diálogo."
19,data_102#0,S,,media,"Casamento falho: PRESIDENTE é Arnaldo Jardim e diz querer combustível com redução da pegada de carbono (287, 388)."
20,data_104#7,S,,alta,Sandoval: tarifa 'extremamente sobrecarregada'; saída seria o reconhecimento e um projeto para reformar o setor elétrico.
21,data_108#16,S,,alta,Goetten: 'peço desculpas por vocês estarem aqui para discutirmos um direito adquirido de vocês' (303); envergonhado de discutir o PERSE.
22,data_123#3,S,,media,"Ethel cita a meta ODS 'acabar com a epidemia de AIDS, tuberculose, malária' e ações de HIV/TB."
23,data_130#4,S,,alta,"Participante 'Márcio' casa com Marcio Fraccaroli, que diz quase literalmente o desafio de distribuir filmes na principal tela do VOD."
24,data_132#8,S,,alta,Taís reitera exigência de 'um novo decreto que nos dê respiro para que consigamos trabalhar no dia a dia' (270).
25,data_133#29,D,,media,Aureo fala de falta de dados/informação da ANEEL e de responder à população; 'nenhuma resposta ao consumidor' é de Alex Manente.
26,data_145#9,S,,alta,Dino: 'não há corte de orçamento para 2024' e 'ainda não apresentaram emendas parlamentares'.
27,data_149#17,S,,alta,"Matheus: 'essa ação transversal favorece muito', conselho com vários Ministérios; ação estruturante com entidades (272-277)."
28,data_151#22,M,DIÓGENES FAUSTINO DO NASCIMENTO,media,Adauto só diz estar contente que a leitura 'foi destacada' por outros; defesa da leitura é de Diógenes e Petra Pfaller.
29,data_152#8,S,,alta,"Patricia pede manutenção urgente do DPVAT, seguro do qual vítimas necessitam para se manterem após acidentes."
30,data_154#24,D,,baixa,"Pérola fala de osteoporose, medicação, exercício e qualidade de vida; 'informação' não aparece (é de Adriana Ferreira). Generalização."
31,data_155#5,M,LUIZ LEGÑANI,alta,Revisão da pensão por morte é pleito de Luiz Legñani (COBAP); Maria do Carmo só fez uma saudação de 1 minuto.
32,data_155#14,M,RAPHAEL FRANCO CASTELO BRANCO CARVALHO,alta,Participação de universidades e sociedade civil nas políticas é de Raphael Carvalho (570); Kalache não diz isso.
33,data_156#8,S,,media,Ulysses propõe discutir o papel das comunitárias num plano nacional da educação superior e lamenta que esse documento não exista.
34,data_157#10,M,CELSO RUSSOMANNO,media,'A autorregulamentação seja uma coisa bacana' é de Celso Russomanno (746); Renato Porto só alerta contra excesso regulatório.
35,data_166#18,S,,alta,Caio: blockchain com smart contracts 'pode potencializar a redução de custos de transação'; eficiência na execução.
36,data_169#7,S,,alta,"Sílvio: políticas orientadas por soluções 'de fora do bioma', contra pensamento colonizado, soluções de saberes tradicionais."
37,data_173#10,S,,alta,Cristiana cita acesso à eletricidade em áreas rurais e contribuição das hidrelétricas aos ODS da ONU.
38,data_183#9,S,,alta,"Salles: não avanço do linhão exige ligar termoelétricas a diesel, consequências ambientais mais nocivas (179-182)."
39,data_183#10,M,LAFAYETTE DE ANDRADA,alta,'A Guiana já está explorando petróleo' é de Lafayette de Andrada; Salles diz que a posição do Ministério parece adequada.
40,data_185#14,D,,media,Bruna cita a redução do prazo como 'grande trunfo' de Pernambuco; 'essencial para a eficácia do programa' é acréscimo.
41,data_185#15,M,CARLOS GOUVÊA,media,'Educação continuada' dos profissionais da triagem é de Carlos Gouvêa (88); Bruna só lista cursos de qualificação.
42,data_190#22,S,,alta,Rômulo: 'inserir estímulos fiscais e revisar os marcos regulatórios para produção de novos medicamentos' (476).
43,data_191#14,S,,media,Cristina cita relatório da ONU sobre dieta mais variada e sistema alimentar sustentável; menção apoiada.
44,data_192#24,S,,alta,Igor: garantir por lei durabilidade e funcionalidade do software por um tempo; critica garantia contratual de 1 ano.
45,data_200#32,S,,media,"Djane: diagnóstico tardio do lúpus, tratar imediatamente, retornos de 6 meses inviabilizam tratamento, UBS com diagnóstico mais célere."
46,data_201#21,D,,media,Sargento fala da própria angústia e do sofrimento dos presos; sofrimento das famílias é de Messias Donato e Bruno Jordano.
47,data_203#24,S,,alta,Lêda: 'Eu creio na rede de proteção' e quebrar o ciclo da violência com a independência econômica da mulher.
48,data_204#13,S,,alta,"Maria Nilde: 'A informação salva vidas. Precisamos divulgar, falar e repetir o que é distonia.'"
49,data_204#16,M,ROSÂNGELA MORO,alta,"Associações, acolhimento e troca de experiências: Rosângela Moro (555-556). Sara Casagrande não aborda associações."
50,data_206#20,S,,alta,Márcia: 'A universidade precisa institucionalizar a política' de ações afirmativas; Lei de Cotas diversificou a universidade.
