item,ref,op_idx,id
1,data_014,24,data_014#24
2,data_017,8,data_017#8
3,data_022,10,data_022#10
4,data_023,14,data_023#14
5,data_029,18,data_029#18
6,data_031,26,data_031#26
7,data_035,8,data_035#8
8,data_037,12,data_037#12
9,data_048,8,data_048#8
10,data_057,18,data_057#18
11,data_060,14,data_060#14
12,data_062,16,data_062#16
13,data_063,17,data_063#17
14,data_069,4,data_069#4
15,data_077,10,data_077#10
16,data_084,26,data_084#26
17,data_096,14,data_096#14
18,data_101,20,data_101#20
19,data_102,0,data_102#0
20,data_104,7,data_104#7
21,data_108,16,data_108#16
22,data_123,3,data_123#3
23,data_130,4,data_130#4
24,data_132,8,data_132#8
25,data_133,29,data_133#29
26,data_145,9,data_145#9
27,data_149,17,data_149#17
28,data_151,22,data_151#22
29,data_152,8,data_152#8
30,data_154,24,data_154#24
31,data_155,5,data_155#5
32,data_155,14,data_155#14
33,data_156,8,data_156#8
34,data_157,10,data_157#10
35,data_166,18,data_166#18
36,data_169,7,data_169#7
37,data_173,10,data_173#10
38,data_183,9,data_183#9
39,data_183,10,data_183#10
40,data_185,14,data_185#14
41,data_185,15,data_185#15
42,data_190,22,data_190#22
43,data_191,14,data_191#14
44,data_192,24,data_192#24
45,data_200,32,data_200#32
46,data_201,21,data_201#21
47,data_203,24,data_203#24
48,data_204,13,data_204#13
49,data_204,16,data_204#16
50,data_206,20,data_206#20
