r,k,tau,a2,aglob,obs,pred,pred_glob
0,1,0.5301314101145967,0.7176139997048552,0.7908973959832469,0.0976078808143761,0.11536401652421231,0.15421384673126293
0,3,0.13598639756774353,0.6563073628390781,0.7908973959832469,0.015211084212455872,0.021255675185800415,0.03955808894159914
0,5,0.11601256581567188,0.6661476373573993,0.7908973959832469,0.010088049201362748,0.019275213714043674,0.033747753297114
0,8,0.0970848318974508,0.648489896111866,0.7908973959832469,0.007030346318430913,0.014416116602490448,0.02824172478843971
0,12,0.06113193474372183,0.6279534398888117,0.7908973959832469,0.0032852528649174317,0.007822041337517571,0.017783120628366463
1,1,0.25357794974350056,0.6782432994592025,0.7646834257263114,0.04607135611396118,0.04519857043238137,0.06711788042676416
1,3,0.15982378343912124,0.6461427886919022,0.7646834257263114,0.027554125728197598,0.023357093411083836,0.04230270651320673
1,5,0.08202185317218792,0.6191249026226954,0.7646834257263114,0.00946004695243896,0.009770845272069903,0.021709825082035224
1,8,0.07042286178013506,0.5800108049702863,0.7646834257263114,0.009804944497579848,0.005634589859339818,0.018639764305416674
1,12,0.0390980494449758,0.5790584510758047,0.7646834257263114,0.00411558415210278,0.0030910312292050115,0.010348605666312904
2,1,0.39135914498890906,0.7135395016509675,0.7832129452588343,0.07828569267997587,0.08357063678748036,0.11083797610628811
2,3,0.21480830308529947,0.6620738353460919,0.7832129452588343,0.04084272282718293,0.03481480554522023,0.06083649218284001
2,5,0.12084719701552732,0.5532036002703761,0.7832129452588343,0.01905311050615044,0.0064295059638094995,0.034225490593042106
2,8,0.06244328493647913,0.52389755858844,0.7832129452588343,0.007139796329905246,0.0014922420602241633,0.01768474663849686
2,12,0.0504354456543658,0.49582477754962356,0.7832129452588343,0.00684204224642071,-0.00021057920499084878,0.014283971109214815
3,1,0.39114518561281497,0.7022137630275704,0.7699828586727119,0.08152612283546135,0.07909493987288482,0.10560249536781628
3,3,0.14335389853004255,0.6602045489238284,0.7699828586727119,0.012457815269321326,0.022965946650477735,0.03870309532701875
3,5,0.0895246984685358,0.6311861459314543,0.7699828586727119,0.005657002732734284,0.011744400157762777,0.024170134014347845
3,8,0.05581198356582706,0.6084887942907224,0.7699828586727119,0.003608126444936688,0.006054974804030194,0.015068278871296406
3,12,0.04532076581303565,0.6040557298125319,0.7699828586727119,0.0028217572047877226,0.004715885362338268,0.012235829911439877
4,1,0.28063935640944215,0.6932723208048065,0.7690962170573982,0.05833446748022808,0.05423981972242013,0.07551898916720377
4,3,0.12238805970149254,0.6052566633761106,0.7690962170573982,0.014766592569069537,0.012882158801255329,0.03293416387866664
4,5,0.07614813470640718,0.6023273273273273,0.7690962170573982,0.006393564094421489,0.007792035105467939,0.02049117498547134
4,8,0.0716569130033722,0.6201227965933849,0.7690962170573982,0.00805546734413043,0.008607628785213954,0.019282604215218543
4,12,0.05117875667256423,0.5767662053896577,0.7690962170573982,0.004745270607449115,0.003928798946313382,0.01377200981428811
5,1,0.39883195647290787,0.6764279353771785,0.752377188499162,0.08575011855142634,0.07036509864295586,0.10065608785825265
5,3,0.16495183068360497,0.650582772930848,0.752377188499162,0.026656912172111746,0.02483890406435697,0.04163007926571803
5,5,0.10586330396585719,0.6754580315296123,0.752377188499162,0.010711745326577926,0.0185745669250703,0.026717483020135227
5,8,0.0545398956747448,0.6334223268021177,0.752377188499162,0.004682781341253439,0.0072768397844692086,0.0137646255314297
5,12,0.04466580976863753,0.606552300736979,0.752377188499162,0.0034988269648338344,0.004759244795128559,0.011272631491447147
6,1,0.23824943111264266,0.6872352126446146,0.7547998474551899,0.05352294264783641,0.04460868289683411,0.06070591870378712
6,3,0.11511131179780287,0.6183023563263084,0.7547998474551899,0.021916274040318262,0.01361793942549246,0.029330344686446973
6,5,0.07756474621385412,0.6426583065322559,0.7547998474551899,0.013192839446025562,0.011065255341472633,0.01976348550319055
6,8,0.07603186957477527,0.6284149805276565,0.7547998474551899,0.013584970679278219,0.009763631050926088,0.019372908769385633
6,12,0.03683657039646844,0.5900750397107959,0.7547998474551899,0.004610512681880619,0.003318055541271423,0.009385952517792524
7,1,0.25656934306569346,0.6566165359430093,0.7755085711359475,0.053003707565751346,0.04018300174012246,0.07068705310531792
7,3,0.165563086548488,0.635827197921178,0.7755085711359475,0.0325787857722164,0.02248797012506261,0.04561404940783114
7,5,0.09076294751477233,0.6114610301789095,0.7755085711359475,0.010576700266481276,0.010116531632070819,0.025005969981881922
7,8,0.06721121538639786,0.5918447555883075,0.7755085711359475,0.009138570269957125,0.006172997649956805,0.018517265915416886
7,12,0.04919186652763295,0.5828721235071366,0.7755085711359475,0.004902386745452403,0.004076634438424575,0.013552780858538399
8,1,0.3817937037210977,0.7369600979379471,0.7976937621503581,0.07160256109206475,0.0904698734258429,0.11365760402605277
8,3,0.1180888868016093,0.6720146177329144,0.7976937621503581,0.011820786173859954,0.02031301472168422,0.03515432498011885
8,5,0.22333474224706085,0.6827813483246596,0.7976937621503581,0.030063088025798823,0.040821425315658105,0.06648535963840807
8,8,0.06013556880978099,0.6275383574007221,0.7976937621503581,0.004200128367695233,0.007669591667357562,0.01790198371803544
8,12,0.048620047276882856,0.6361765682044473,0.7976937621503581,0.002847571189279696,0.006620911184103893,0.014473884789783533
9,1,0.297119544896106,0.6762712891690406,0.7763041359142181,0.05442417605897121,0.05237364521615523,0.0820953591157443
9,3,0.14874672827306235,0.6273578752380704,0.7763041359142181,0.018129707280594043,0.018944067261471836,0.041099336225555484
9,5,0.17525773195876287,0.6829534376305649,0.7763041359142181,0.02831379199829065,0.03206400453319179,0.048424436191151624
9,8,0.0819701137759735,0.596729708431836,0.7763041359142181,0.00876188504887565,0.007928945205674344,0.022648681457660504
9,12,0.05706492708722825,0.6077155824508321,0.7763041359142181,0.004892567170557083,0.006146781858715058,0.015767275369844458
10,1,0.27454102660172347,0.6672353493133157,0.7424482504866353,0.05527663294617213,0.04591296448457553,0.06656199158639266
10,3,0.10145497689521668,0.6407581199045796,0.7424482504866353,0.008851629823904084,0.014280611802733267,0.024597581651407293
10,5,0.10160172349194455,0.6822690896965655,0.7424482504866353,0.006854939428000417,0.01851885365247889,0.024633160107048833
10,8,0.050315349069564134,0.645565653400188,0.7424482504866353,0.002446296990133656,0.007324186663369645,0.012198868354540178
10,12,0.04461720994130136,0.6496466973886329,0.7424482504866353,0.00149244411140248,0.0066768181144110286,0.010817364491863428
11,1,0.5374105170128148,0.703627539689068,0.766600845548214,0.10330534688466642,0.1094315813823495,0.14327409824211926
11,3,0.265140668728826,0.6900724968016116,0.766600845548214,0.03808219178082184,0.050395948908936956,0.07068672647232391
11,5,0.10566504639858595,0.6829247852503666,0.766600845548214,0.010555310060391787,0.01932875592093136,0.028170390714754273
11,8,0.0764619237001031,0.6734667775148686,0.766600845548214,0.006394167034909359,0.013263603506844643,0.020384813510690505
11,12,0.05628516718220651,0.6503393872683911,0.766600845548214,0.002863455589924846,0.008461877546471885,0.015005673162598838
12,1,0.24728872518927766,0.6634997516145057,0.764603586637485,0.051784853825488364,0.04043164514551466,0.06543348362009424
12,3,0.1089559529231602,0.5928145165203047,0.764603586637485,0.019678607497178202,0.010112694092572193,0.02883013592897315
12,5,0.07675069473322904,0.5937958150073304,0.764603586637485,0.01213390364165634,0.007198893964882036,0.02030850910333113
12,8,0.06379994323319933,0.5938666878525463,0.764603586637485,0.010364891714027324,0.005988689356480893,0.016881693806772482
12,12,0.04501409268830406,0.5362826603325416,0.764603586637485,0.006651946903239003,0.0016332310351872793,0.011910890374557441
13,1,0.37635284139100933,0.6862821216085067,0.7529027984765689,0.08898218829516535,0.07010780576770702,0.09518068680239454
13,3,0.27707661860333616,0.6800956138216971,0.7529027984765689,0.061733107152954436,0.04990028370300809,0.07007345223720868
13,5,0.20823579304495335,0.6094805482162148,0.7529027984765689,0.03570398642917727,0.022797768780799737,0.052663414804056355
13,8,0.04719819055696918,0.6029663962920047,0.7529027984765689,0.003819621147865493,0.004859827593154441,0.011936554474887876
13,12,0.03614927905004241,0.6084694562541956,0.7529027984765689,0.0017302798982188339,0.003921092642539283,0.00914225383466613
14,1,0.45734548605013287,0.6853295763049884,0.7652118791797408,0.10736802360296438,0.08475964515467009,0.12129345578972765
14,3,0.16213281350614075,0.6076804637261117,0.7652118791797408,0.02706116164986594,0.017458536543560426,0.04299954814666204
14,5,0.0781321344526009,0.5754734741518882,0.7652118791797408,0.009898961516396798,0.005896903630040228,0.02072157020249845
14,8,0.054295013639609896,0.5880574036399626,0.7652118791797408,0.00643930080901034,0.004781077931700404,0.014399682597450596
14,12,0.045654642735883294,0.5630437692410655,0.7652118791797408,0.004820694742018183,0.0028782407614243123,0.01210815359326331
15,1,0.3433888195443588,0.7053582772201753,0.7811621491439331,0.07156196701317752,0.07051773639829918,0.09654793849509014
15,3,0.11350058598774666,0.6165302252439757,0.7811621491439331,0.01581372894652422,0.013226248850475353,0.03191206868541063
15,5,0.06486519105741409,0.5818402356610639,0.7811621491439331,0.006506210834897552,0.0053085825223387045,0.01823763652233438
15,8,0.041800459261941286,0.5910099192232035,0.7811621491439331,0.004041568605031465,0.003804256420922083,0.011752706961290837
15,12,0.03331713529805973,0.5735936043945264,0.7811621491439331,0.0036588503206257394,0.0024519280746843207,0.009367517363721668
16,1,0.48534126641593195,0.7229068187361355,0.8002462342416106,0.0829012269560393,0.10818587769814259,0.14572188756343782
16,3,0.164486096553425,0.6780438968040047,0.8002462342416106,0.02742154263518093,0.029285745600451548,0.04938633107526781
16,5,0.07924964547752636,0.6379192941942742,0.8002462342416106,0.012301929835378256,0.010930055169406889,0.02379440761960997
16,8,0.041574696343794314,0.6080375782881002,0.8002462342416106,0.0031167149639311775,0.0044916295110466724,0.012482646016962699
16,12,0.03244959615266046,0.5949386347499747,0.8002462342416106,0.0018496824711757842,0.003080720356921614,0.009742869047497356
17,1,0.4695253733677379,0.7265970405822373,0.7843203459356998,0.09424192665571984,0.10639306008339942,0.13349561658150383
17,3,0.2839221205723669,0.6880919567193502,0.7843203459356998,0.04689186019235281,0.05340346721436376,0.08072483553993282
17,5,0.1549018687934944,0.6796375757352535,0.7843203459356998,0.02372976776917668,0.027826196186923655,0.04404175292145271
17,8,0.05996403158964735,0.6406051461245235,0.7843203459356998,0.0060020329971068875,0.008431251423877907,0.017048994205267766
17,12,0.04400656814449918,0.6113061372715167,0.7843203459356998,0.003324732191727242,0.004898201114739981,0.012511962678286952
18,1,0.36657130937481375,0.6472397501347623,0.7557315768522666,0.08927230466654745,0.05397386799892023,0.09374385897522115
18,3,0.09021395792359498,0.5812325207767222,0.7557315768522666,0.02112164014541984,0.007328307211378768,0.02307055771388497
18,5,0.08327671494129567,0.552633031574299,0.7557315768522666,0.015343584242207498,0.004383105966909112,0.021296485627014246
18,8,0.05619226413969843,0.5402587519025875,0.7557315768522666,0.01119107217355031,0.002262230420844786,0.014370136315344152
18,12,0.029688896835329878,0.53311337445608,0.7557315768522666,0.0061758746051612246,0.000983099558096206,0.007592388402703176
19,1,0.2898534700480674,0.6918957266859559,0.7797029702970297,0.05009543650562731,0.05562164226731984,0.08107287652334559
19,3,0.29630707277615487,0.6907028039642252,0.7797029702970297,0.038174602250904965,0.05650658961284448,0.08287796837550868
19,5,0.11305152407444047,0.6569358927924664,0.7797029702970297,0.011539670162125648,0.01774184186217133,0.031620847080227166
19,8,0.07289836012150697,0.6641859959802271,0.7797029702970297,0.006869682615425754,0.01196888986187489,0.02038988785576804
19,12,0.04979574260076117,0.6285124271701453,0.7797029702970297,0.0024964793240301875,0.006399371744363623,0.013928017113579239
20,1,0.5815092237216788,0.6737872470962254,0.7827364725196374,0.1337439643431968,0.1010588871516536,0.1644138666527001
20,3,0.1191345796706698,0.6175864847924066,0.7827364725196374,0.014497957162312725,0.014008616440694972,0.033683690811194884
20,5,0.08651108084684908,0.6231408060807958,0.7827364725196374,0.009508480871610714,0.01065304423040189,0.024459837832499276
20,8,0.06479509718955058,0.6134784749193152,0.7827364725196374,0.005116379844001484,0.0073528488113190045,0.018319937215940604
20,12,0.05102760926086418,0.6207698815566836,0.7827364725196374,0.0037978209731335255,0.006162598326555296,0.01442736624352712
21,1,0.3866748768472906,0.747191365816713,0.8054870270530471,0.06696736453201968,0.09558269093489105,0.11812415856418192
21,3,0.10764162561576354,0.7014237639140565,0.8054870270530471,0.005292487684729008,0.02168158138535481,0.03288312019651672
21,5,0.09108682266009852,0.7185082324935529,0.8054870270530471,0.006611761083743839,0.01990322062291183,0.027825842658141618
21,8,0.052118226600985224,0.678511283260357,0.8054870270530471,0.000775862068965516,0.009303691511795949,0.01592144209961201
21,12,0.04532019704433497,0.6897706451001453,0.8054870270530471,0.0007419950738916103,0.008600443029169146,0.013844732260532183
22,1,0.3957290563555781,0.7145324145224993,0.7789110318754587,0.08332201937552985,0.08489670995667235,0.11037319945123585
22,3,0.17349878865225118,0.6975489693364784,0.7789110318754587,0.024818297837676417,0.03427450687937971,0.04839072617214151
22,5,0.10954928209166417,0.6341351133617217,0.7789110318754587,0.012867741341805239,0.0146944053720606,0.03055450330940177
22,8,0.10037139952149501,0.6785888374360224,0.7789110318754587,0.006942244508204909,0.017925211552370326,0.027994690611324098
22,12,0.050339569586874605,0.6141646752118184,0.7789110318754587,0.003407764090402998,0.00574700061218827,0.014040261297641656
23,1,0.3777236582350879,0.7125373134328358,0.7900933453778982,0.07761849412372457,0.08028037154130822,0.10957511964579454
23,3,0.11998856109665873,0.6454149698076113,0.7900933453778982,0.016464948371186283,0.01744813298912935,0.03480788309561006
23,5,0.10342367606993721,0.6495141266383097,0.7900933453778982,0.014437003007324534,0.015463300601320108,0.030002520182408163
23,8,0.05947307245253777,0.5873582260736587,0.7900933453778982,0.007547523723424487,0.00519546210860388,0.017252742547658805
23,12,0.05173028787906742,0.5721815519765739,0.7900933453778982,0.005985436923057974,0.0037339724633060384,0.015006612268200407
24,1,0.38759558198810534,0.7285196147913453,0.7916220480423777,0.07826736589224503,0.08857319309074912,0.1130314174315486
24,3,0.3622008027422143,0.7412061680294134,0.7916220480423777,0.05881405091846603,0.08736506768662695,0.10562573989827777
24,5,0.10513579234172209,0.710045431600202,0.7916220480423777,0.008745202589868994,0.022083292879046222,0.03065991508525112
24,8,0.06436293323176984,0.6981300089047195,0.7916220480423777,0.0036694694284123974,0.012752228534344427,0.01876965040706353
24,12,0.05055518120294143,0.675282346699007,0.7916220480423777,0.0018955263234992081,0.008861430799045101,0.014743005481555296
25,1,0.40661118816458625,0.6849486515678845,0.7686823327141458,0.07945600246571116,0.0752021909634556,0.10924924254373149
25,3,0.15037447988904298,0.6345811844211275,0.7686823327141458,0.020842965017722204,0.02023757561017843,0.04040296603726447
25,5,0.0859146247495762,0.6429228410832908,0.7686823327141458,0.006732932655262647,0.012279162259814241,0.023083741791976614
25,8,0.05553398058252427,0.6254064356990694,0.7686823327141458,0.003901987979657906,0.0069643185650356985,0.014920999447814696
25,12,0.0468824163969795,0.6401665473944441,0.7686823327141458,0.0021621205116351128,0.006571346439873291,0.01259647700081637
26,1,0.4685996263657464,0.6876312352231205,0.7582407865883851,0.08997257499418165,0.08792392672009776,0.12101153610771373
26,3,0.17844809691846092,0.6484013105863744,0.7582407865883851,0.024064499084784807,0.02648193145434396,0.04608257691342373
26,5,0.07771152164751319,0.6024839711278681,0.7582407865883851,0.00693016058724738,0.007964185340826439,0.020068284477234122
26,8,0.11491140339290094,0.6683179216204316,0.7582407865883851,0.012424596959346834,0.019341648589580096,0.029674811200157965
26,12,0.05003805534064248,0.5736975422742521,0.7582407865883851,0.002994106139804553,0.0036876816987883635,0.012921866770520658
27,1,0.4253654424230117,0.6837619159173229,0.8024169638960374,0.07858204340080677,0.07816596866467235,0.12863772564386194
27,3,0.11402480485636136,0.660385404728271,0.8024169638960374,0.007962660414685963,0.01828791447594964,0.03448303529349895
27,5,0.12015986856072144,0.6198253659149444,0.8024169638960374,0.010599445567462618,0.014398200218580072,0.0363383826322803
27,8,0.05946765861478015,0.6292762266196801,0.8024169638960374,0.0022860342689767776,0.007687754511626089,0.01798402876828785
27,12,0.04613297150610583,0.620868774754886,0.8024169638960374,0.0018645178559890674,0.0055760357417450794,0.013951393178378933
28,1,0.46287542376927854,0.6928124732288187,0.7624767225325885,0.09725803371054764,0.08924815525379212,0.12149402417184323
28,3,0.13556438905600918,0.6249179288641354,0.7624767225325885,0.02435181206130932,0.016934422708608534,0.03558249653155399
28,5,0.22110311321205176,0.6245244019642693,0.7624767225325885,0.04102355202215546,0.02753273294516887,0.0580344204976512
28,8,0.06211502650050136,0.6037799690641918,0.7624767225325885,0.005625387957790218,0.006446295528643488,0.016303748575876475
28,12,0.04696975122952777,0.6020229265003372,0.7624767225325885,0.0031409659552117386,0.004791991477429233,0.012328466360897466
29,1,0.43554974384695305,0.7454915017068964,0.7866324226407603,0.07692950715914926,0.10692376068504256,0.12484267825941472
29,3,0.10960245524785345,0.6211682450236101,0.7866324226407603,0.009416162122786287,0.01328033715266117,0.031415617275067746
29,5,0.20848708487084872,0.6806330749354005,0.7866324226407603,0.025030153214153472,0.03765966322453922,0.059759158225841165
29,8,0.08393341214965548,0.6428891736066624,0.7866324226407603,0.009553493593188356,0.01199317590005167,0.024058037264961172
29,12,0.048134680375929974,0.5695218438252494,0.7866324226407603,0.00505290247077228,0.0033464117316737005,0.01379696004919147
30,1,0.39456792727549705,0.7040399493838588,0.776932249116781,0.08392584585006868,0.08050761990978651,0.1092685835297499
30,3,0.20165053919371423,0.6260044131729048,0.776932249116781,0.0399920314756711,0.025408857857103798,0.05584353735452689
30,5,0.20728416871006583,0.6426849695632635,0.776932249116781,0.040453444189568866,0.029576335303342118,0.057403671047180825
30,8,0.07452328010241897,0.5644410363148381,0.776932249116781,0.010335644791309662,0.004802357399380833,0.020637899570322745
30,12,0.05379339842914605,0.5135532331809275,0.776932249116781,0.007013473251245794,0.0007290744725047552,0.014897126814618532
31,1,0.2523521151483237,0.6497124959094946,0.7549668244643434,0.052163419343514095,0.03778026500689573,0.06434141744622841
31,3,0.1717219589257504,0.5787533650859391,0.7549668244643434,0.029632555145983175,0.013523682124552261,0.043783402558094986
31,5,0.07512140892867591,0.551594746716698,0.7549668244643434,0.011792756421508455,0.0038758700666765254,0.01915346708383187
31,8,0.058601018079691064,0.5416579113259088,0.7549668244643434,0.008988648996547832,0.002441196014771748,0.014941315490156403
31,12,0.04257796501082441,0.5281939695368355,0.7549668244643434,0.005441460417763722,0.0012004418484556315,0.010855968530963822
32,1,0.28251693064400685,0.7011238300685432,0.7771278045235717,0.053298646160246155,0.05682088715033163,0.07829329673011179
32,3,0.38444950171600567,0.6733570289285975,0.7771278045235717,0.07132435259786729,0.0666470233905665,0.10654164636073775
32,5,0.1332703213610586,0.6790905506636877,0.7771278045235717,0.018801120756633094,0.02386745523967861,0.03693291156694102
32,8,0.06607692354751286,0.6477142464120317,0.7771278045235717,0.004190602039630287,0.009760502967046294,0.018311752752394134
32,12,0.04918604437755795,0.6188279044142966,0.7771278045235717,0.001991300677225749,0.005844674579813806,0.0136308204915516
33,1,0.22640367089414315,0.668233082706767,0.7661813027511114,0.04625842260473578,0.038088587490650035,0.06026442406623691
33,3,0.18027415831889734,0.6385213597015976,0.7661813027511114,0.03992879531404803,0.024971821529394738,0.0479856103136842
33,5,0.09517326087334373,0.6164169859368189,0.7661813027511114,0.015651705378300296,0.011079784172653255,0.025333342566338013
33,8,0.048038539753535614,0.601271186440678,0.7661813027511114,0.005236064680969377,0.0048649199157182275,0.012786961093857165
33,12,0.03730569347802157,0.6066166092700277,0.7661813027511114,0.0031257061083075355,0.003977406545093646,0.00993007809001342
34,1,0.3879399081930727,0.7127354946628298,0.7849509016631995,0.08102656836834055,0.0825285882689061,0.1105438266307549
34,3,0.17714563917095563,0.6213922515969094,0.7849509016631995,0.040113367645013165,0.02150410799953597,0.050477809607467596
34,5,0.08792599805258033,0.5737553013293417,0.7849509016631995,0.014647377938517114,0.006485008481051175,0.025054592424719486
34,8,0.0853421894561135,0.5525283797729618,0.7849509016631995,0.013546738072054532,0.004482886938406784,0.02431833383543114
34,12,0.04547572680484073,0.5431315383296176,0.7849509016631995,0.006932466267909332,0.0019614380537502055,0.012958349356828696
35,1,0.2808207784801103,0.6967923015236568,0.795437514050908,0.05413834893778813,0.05526336731276589,0.0829649926880045
35,3,0.10709151181027518,0.6468128064609172,0.795437514050908,0.013920738082790818,0.01572240539700896,0.03163885002518115
35,5,0.14395703626253506,0.670846564665127,0.795437514050908,0.02554239342236586,0.024594565104827236,0.042530308923539775
35,8,0.05879592224704149,0.6362755016017535,0.795437514050908,0.0056080984744071305,0.008012443796353278,0.017370521104996414
35,12,0.04361425312485148,0.59730822696828,0.795437514050908,0.003485754004087238,0.004244025642125063,0.012885286520393169
36,1,0.2826803444156058,0.6855768781808843,0.7804398411614437,0.05445056529594905,0.0524589358397453,0.07927483088737469
36,3,0.160554643313264,0.6392714491132769,0.7804398411614437,0.025016037808028968,0.022360677836103574,0.04502591866850401
36,5,0.08093060484606647,0.5740839086563994,0.7804398411614437,0.010640864923401105,0.0059956555369231395,0.022696165968130448
36,8,0.05863952304441737,0.5478231635569003,0.7804398411614437,0.007593681397908392,0.0028043275014517964,0.016444858528359228
36,12,0.04646844524486349,0.532537517053206,0.7804398411614437,0.005939874404835566,0.0015119678295907129,0.01303160340348876
37,1,0.3010953068095925,0.6908715292231319,0.7804774302875628,0.04520305091733667,0.057470521652654996,0.08445043792559981
37,3,0.16243798529512815,0.6975543931890268,0.7804774302875628,0.026016628873771652,0.0320903376158271,0.045560188696666455
37,5,0.12334226619940905,0.6446825311367144,0.7804774302875628,0.014618291761148927,0.01784547126986891,0.03459472186945476
37,8,0.044469181612038756,0.6338513229735405,0.7804774302875628,0.002005084862227724,0.0059522587903220285,0.012472601785535569
37,12,0.033109324537895966,0.6041767068273093,0.7804774302875628,0.0007091321377036275,0.0034492203956346256,0.009286418264946007
38,1,0.2757471888504265,0.6914642675106385,0.7806256572029443,0.05350234168193846,0.05279573353136461,0.07738173609301532
38,3,0.3556415303513654,0.6597197227414692,0.7806256572029443,0.07166451729677148,0.056802966623071875,0.09980213818351279
38,5,0.07737448811059074,0.5803059776037012,0.7806256572029443,0.011062184664811459,0.006213633909306943,0.021713266576775924
38,8,0.08628023258444761,0.548790658882402,0.7806256572029443,0.014366840878752951,0.004209669396322087,0.0242124469726335
38,12,0.05529254055521618,0.519843736127142,0.7806256572029443,0.00852819068304711,0.0010972105845770054,0.015516505531727991
39,1,0.38166540820847555,0.718354741977353,0.7884213605214775,0.07071338978714381,0.0833384517310428,0.1100804562994736
39,3,0.20768616340819598,0.6459757398553874,0.7884213605214775,0.035770894046140755,0.030317141361238288,0.05990112581167778
39,5,0.15638475123089693,0.6098868374032163,0.7884213605214775,0.022560203183795258,0.017184625730851992,0.045104702714828096
39,8,0.08965734575566774,0.5936810431293882,0.7884213605214775,0.009861215982627125,0.008399193674603178,0.025859093643594202
39,12,0.060998820585463874,0.5748716610110503,0.7884213605214775,0.00560065897447104,0.004567083016948725,0.017593362823465
40,1,0.2720378782046347,0.6485498415793322,0.7850424810321317,0.056105165909615784,0.04041118371087614,0.07754235173816594
40,3,0.19014486616880952,0.5929987896843869,0.7850424810321317,0.028663676957425444,0.01768324241839901,0.05419936440828011
40,5,0.16850796828085304,0.617758255206626,0.7850424810321317,0.033974260271511736,0.019843204333166727,0.048031929352458105
40,8,0.08328842353786538,0.5318303755674784,0.7850424810321317,0.014743244283624612,0.00265110180163346,0.023740738886488144
40,12,0.059444529986912,0.5202532673106584,0.7850424810321317,0.008768637565119142,0.001203945955981375,0.016944216311258347
41,1,0.23641906183899464,0.6777401825079463,0.800623613359717,0.039949608062709974,0.04202116719962035,0.07107315263715294
41,3,0.1440649496080627,0.6382345943373781,0.800623613359717,0.030935050391937224,0.01991475986730536,0.04330932570966135
41,5,0.07178051511758118,0.5893047747811855,0.800623613359717,0.007005101405997305,0.0064103427362530675,0.021578917823469046
41,8,0.05232984944631081,0.5849650828426673,0.800623613359717,0.007205735971133498,0.004446209993350108,0.01573158842711994
41,12,0.04343660569864377,0.5434132649948136,0.800623613359717,0.006118576583302282,0.0018857248736704514,0.013058069357207564
42,1,0.3183650711957454,0.6629188621056853,0.7565426450184815,0.07232872991365014,0.05186767513340633,0.08167421744605369
42,3,0.11877752044375822,0.5565680942261283,0.7565426450184815,0.019455524103619837,0.006719017968408395,0.03047149926337849
42,5,0.1059537084691485,0.5625972800880434,0.7565426450184815,0.027536527134442657,0.0066324139654101895,0.027181644620192437
42,8,0.052210213301309545,0.5158839304132572,0.7565426450184815,0.013234831589180485,0.0008293033949393162,0.013394146217297053
42,12,0.03337479270315091,0.48632175761871016,0.7565426450184815,0.008263281294676017,-0.0004565085040190017,0.00856205759700985
43,1,0.35412792651506664,0.6722521639719092,0.743160311065305,0.06454856054665625,0.06099930166510548,0.08610985676831508
43,3,0.184392853142153,0.6445569971553459,0.743160311065305,0.03611935700683322,0.026655277147136322,0.044837023528265026
43,5,0.061706060266606924,0.5624217922802964,0.743160311065305,0.007594936708860689,0.0038518028763975904,0.015004464809042597
43,8,0.10446958664724991,0.6082516029296231,0.743160311065305,0.016301669093760518,0.011309000211959953,0.025402857186009122
43,12,0.04446342556289907,0.5529197080291971,0.743160311065305,0.005319536238377998,0.002352991498766557,0.010811740390903572
44,1,0.297482973982362,0.6998660468048223,0.7848624070197845,0.04800081599347206,0.05945674600159651,0.08474171601601957
44,3,0.18499199698710103,0.701962299798188,0.7848624070197845,0.02160813482722912,0.03736140915577439,0.05269726554114232
44,5,0.13792800426827354,0.6816392957538098,0.7848624070197845,0.009578507987320739,0.025053145560017673,0.039290503291295506
44,8,0.06298214229670777,0.656325646579182,0.7848624070197845,0.002651978784169784,0.009845724117474891,0.017941244653902753
44,12,0.052807331387502744,0.647222019420311,0.7848624070197845,0.0006747638326586314,0.007774401967065727,0.015042823527335448
45,1,0.3738403966803627,0.6945136250431747,0.7771800787772948,0.0589302550254327,0.07271705074587576,0.10362111060199805
45,3,0.15633256899421508,0.613734835355286,0.7771800787772948,0.020762282774434593,0.017780458995225932,0.04333227378927341
45,5,0.09630381897966547,0.5924187890108888,0.7771800787772948,0.012159102813311118,0.008900282327224536,0.026693500131338012
45,8,0.0689389265885256,0.5879458008436661,0.7771800787772948,0.008344197036536993,0.00606288910813059,0.019108497102629667
45,12,0.05326900469079185,0.5778045838359469,0.7771800787772948,0.005429911654813546,0.004144572741322163,0.01476510691658177
46,1,0.5,0.6803813725786467,0.7718735746290681,0.12286619248721942,0.09019068628932336,0.13593678731453407
46,3,0.30243943098466325,0.6430245381858285,0.7718735746290681,0.05839353189597696,0.043256259945766214,0.08222528921058174
46,5,0.08942542787286063,0.6023377269335987,0.7718735746290681,0.013816959324294276,0.009151595018573034,0.024312410738528526
46,8,0.05798788619693265,0.5810470117158535,0.7718735746290681,0.0058582462769504184,0.00469974489198038,0.01576537390554368
46,12,0.051980995776839296,0.579520697167756,0.7718735746290681,0.0047496665925761405,0.004133565023648441,0.014132259134627794
47,1,0.46356685910438444,0.7193402316368881,0.7772940501501806,0.096930174784846,0.10167886225514035,0.1285443318764529
47,3,0.17180496789135377,0.6568796022875939,0.7772940501501806,0.024230631556726223,0.026952695033828418,0.04764049538251522
47,5,0.06607742176290082,0.5954860390822719,0.7772940501501806,0.00886620836507479,0.006309471276908114,0.018322875904116458
47,8,0.047730060974303906,0.5676505049377895,0.7772940501501806,0.005349401423855649,0.003228962725623138,0.013235261921479806
47,12,0.04294512312648573,0.5733100793841712,0.7772940501501806,0.0047528139044664686,0.0031483103855656767,0.011908427125941416
48,1,0.30376344086021506,0.7032188841201716,0.8056734529560616,0.055614790115798174,0.061730467488116655,0.09285241984955636
48,3,0.12509046732837056,0.6176400547716854,0.8056734529560616,0.012558803763440873,0.014715649427925232,0.038236835080150446
48,5,0.08141736455748552,0.5973785918333053,0.8056734529560616,0.008715557795698992,0.007928308311386802,0.02488712695486907
48,8,0.10418605252274607,0.6348114438917698,0.8056734529560616,0.013699338296112473,0.014045472173975164,0.03184691042448939
48,12,0.05402514991728701,0.5761521580102414,0.8056734529560616,0.0047026855872621676,0.004114131753028223,0.01651405412168601
49,1,0.2869895238692679,0.6534583849747354,0.7675197271474069,0.0556458189574055,0.04404094883764613,0.07677535911967077
49,3,0.26476695313970267,0.6605268765649139,0.7675197271474069,0.04216015306442511,0.042502212005125405,0.07083038306158353
49,5,0.10369173828492566,0.5892212480660134,0.7675197271474069,0.01216830813625247,0.00925150630391549,0.02773958553342364
49,8,0.07273069443573175,0.5929524701475064,0.7675197271474069,0.009083495389247909,0.006760497703344766,0.019456895530688384
49,12,0.055053007966877864,0.5945394040235971,0.7675197271474069,0.004855404303368727,0.0052046785628949745,0.014727765669943185
