hall,nli_max,cos_max,con_ativa,nsup_50,mundos_50,we_50,incoer_50,nsup_35,mundos_35,we_35,incoer_35,nsup_20,mundos_20,we_20,incoer_20
0,0.2884131669998169,0.7904558181762695,0.4423147737979889,0,0,0.0,0,0,0,0.0,0,1,1,-0.0,0
0,0.1793060153722763,0.7014935612678528,0.5246790647506714,0,0,0.0,0,0,0,0.0,0,0,0,0.0,0
0,0.9984234571456909,0.8395844101905823,0.7878494262695312,4,1,-0.0,0,4,1,-0.0,0,4,1,-0.0,0
0,0.9865872263908386,0.8204897046089172,0.521207332611084,4,1,-0.0,0,4,1,-0.0,0,4,1,-0.0,0
0,0.9819732904434204,0.7942872643470764,0.995705783367157,6,2,0.6365141682948128,1,7,2,0.6517565611726531,1,10,3,1.0961509758519727,1
0,0.12148389965295792,0.6930193305015564,0.8726611733436584,0,0,0.0,0,0,0,0.0,0,0,0,0.0,0
0,0.9956936836242676,0.7804178595542908,0.643172562122345,10,3,1.0717300941124526,1,10,3,1.0717300941124526,1,11,5,1.5833658257371754,1
0,0.047572940587997437,0.7061552405357361,0.9957524538040161,0,0,0.0,0,0,0,0.0,0,0,0,0.0,0
0,0.13863733410835266,0.6965932250022888,0.988477885723114,0,0,0.0,0,0,0,0.0,0,0,0,0.0,0
0,0.4593242406845093,0.7875823974609375,0.5032791495323181,0,0,0.0,0,1,1,-0.0,0,1,1,-0.0,0
0,0.3076932728290558,0.8548066020011902,0.11994966864585876,0,0,0.0,0,0,0,0.0,0,4,2,0.6931471805599453,1
1,0.41629451513290405,0.7008928656578064,0.7433858513832092,0,0,0.0,0,1,1,-0.0,0,4,1,-0.0,0
0,0.48435723781585693,0.716324508190155,0.9920704960823059,0,0,0.0,0,2,1,-0.0,0,4,1,-0.0,0
1,0.5368658304214478,0.835574209690094,0.767425537109375,1,1,-0.0,0,1,1,-0.0,0,1,1,-0.0,0
0,0.9932164549827576,0.6147888898849487,0.7591395974159241,2,1,-0.0,0,3,1,-0.0,0,4,1,-0.0,0
1,0.42233332991600037,0.7830217480659485,0.996950626373291,0,0,0.0,0,1,1,-0.0,0,1,1,-0.0,0
0,0.9782590866088867,0.7450671195983887,0.913045346736908,3,1,-0.0,0,5,1,-0.0,0,8,1,-0.0,0
0,0.2065020650625229,0.6597837805747986,0.9910780191421509,0,0,0.0,0,0,0,0.0,0,1,1,-0.0,0
0,0.9444003701210022,0.7945948243141174,0.645268440246582,4,1,-0.0,0,4,1,-0.0,0,4,1,-0.0,0
0,0.33603721857070923,0.7741944193840027,0.34286609292030334,0,0,0.0,0,0,0,0.0,0,1,1,-0.0,0
0,0.9840574860572815,0.6459064483642578,0.673248827457428,2,1,-0.0,0,2,1,-0.0,0,3,1,-0.0,0
0,0.2749996483325958,0.7708740234375,0.1256708800792694,0,0,0.0,0,0,0,0.0,0,2,1,-0.0,0
0,0.820142388343811,0.7413702011108398,0.939293622970581,3,1,-0.0,0,3,1,-0.0,0,8,2,0.6931471805599453,1
0,0.9123170971870422,0.6317631602287292,0.9706365466117859,2,1,-0.0,0,2,1,-0.0,0,4,1,-0.0,0
0,0.9931644797325134,0.7034879922866821,0.08981195837259293,5,1,-0.0,0,5,1,-0.0,0,6,1,-0.0,0
0,0.9478138089179993,0.7911816835403442,0.9806445240974426,4,1,-0.0,0,6,1,-0.0,0,7,2,0.6931471805599453,1
0,0.773901641368866,0.582065761089325,0.5508508086204529,1,1,-0.0,0,1,1,-0.0,0,2,2,0.6931471805599453,1
0,0.41746729612350464,0.7491658329963684,0.9557728171348572,0,0,0.0,0,1,1,-0.0,0,1,1,-0.0,0
1,0.018762631341814995,0.572113037109375,0.8660553097724915,0,0,0.0,0,0,0,0.0,0,0,0,0.0,0
0,0.9987727999687195,0.6719453930854797,0.9743731021881104,2,1,-0.0,0,4,1,-0.0,0,6,1,-0.0,0
0,0.9901093244552612,0.7785355448722839,0.046627022325992584,8,2,0.5623351446188083,1,9,2,0.5908422462755825,1,9,2,0.5908422462755825,1
0,0.8480573892593384,0.7652130722999573,0.860342800617218,1,1,-0.0,0,2,1,-0.0,0,4,1,-0.0,0
0,0.43989068269729614,0.7013567090034485,0.8909969329833984,0,0,0.0,0,2,1,-0.0,0,3,1,-0.0,0
0,0.9745736718177795,0.7653317451477051,0.996188223361969,4,3,1.0397207708399179,1,7,2,0.6931471805599453,1,9,3,1.0918384213400607,1
0,0.7072238326072693,0.6511490941047668,0.33376431465148926,4,1,-0.0,0,7,2,0.6791932659915257,1,8,2,0.6829081047004717,1
0,0.9880026578903198,0.6926400065422058,0.3213145434856415,2,1,-0.0,0,2,1,-0.0,0,3,1,-0.0,0
0,0.9953595995903015,0.8371631503105164,0.6094566583633423,1,1,-0.0,0,1,1,-0.0,0,1,1,-0.0,0
0,0.4850219190120697,0.7646823525428772,0.02573583461344242,0,0,0.0,0,2,1,-0.0,0,8,1,-0.0,0
0,0.9983500242233276,0.855159342288971,0.36385828256607056,3,2,0.6365141682948128,1,4,2,0.6615632381579821,1,4,2,0.6615632381579821,1
0,0.9819712042808533,0.7448737621307373,0.6139186024665833,1,1,-0.0,0,1,1,-0.0,0,1,1,-0.0,0
0,0.10250857472419739,0.8120502233505249,0.49830886721611023,0,0,0.0,0,0,0,0.0,0,0,0,0.0,0
0,0.9873934984207153,0.793945848941803,0.27780234813690186,7,2,0.6829081047004717,1,8,2,0.6853142072764582,1,8,2,0.6853142072764582,1
0,0.9843112826347351,0.8162014484405518,0.7355021238327026,2,1,-0.0,0,2,1,-0.0,0,2,1,-0.0,0
0,0.05736939609050751,0.737459659576416,0.991263747215271,0,0,0.0,0,0,0,0.0,0,0,0,0.0,0
0,0.3151756823062897,0.6841633319854736,0.15623265504837036,0,0,0.0,0,0,0,0.0,0,1,1,-0.0,0
0,0.9763426184654236,0.7523568272590637,0.12398062646389008,2,1,-0.0,0,4,2,0.6615632381579821,1,4,2,0.6615632381579821,1
0,0.1380814015865326,0.6450150609016418,0.9940608143806458,0,0,0.0,0,0,0,0.0,0,0,0,0.0,0
0,0.9546504616737366,0.7775980830192566,0.9722609519958496,6,2,0.6791932659915256,1,8,4,1.3644558674577374,1,10,7,1.9238715665176869,1
0,0.9026981592178345,0.6763205528259277,0.3652935326099396,5,1,-0.0,0,7,2,0.6931471805599452,1,8,4,1.3784613878364036,1
0,0.1302180290222168,0.7536092400550842,0.973391592502594,0,0,0.0,0,0,0,0.0,0,0,0,0.0,0
0,0.3088608384132385,0.7615528702735901,0.7716814279556274,0,0,0.0,0,0,0,0.0,0,1,1,-0.0,0
0,0.7038895487785339,0.7150580883026123,0.9940727353096008,1,1,-0.0,0,1,1,-0.0,0,1,1,-0.0,0
0,0.9875245094299316,0.7344141006469727,0.5524628162384033,3,1,-0.0,0,4,1,-0.0,0,7,4,1.376055285260417,1
0,0.9872003793716431,0.7353566884994507,0.07279486209154129,1,1,-0.0,0,1,1,-0.0,0,3,1,-0.0,0
0,0.5958569049835205,0.6568807363510132,0.8525572419166565,1,1,-0.0,0,1,1,-0.0,0,2,1,-0.0,0
0,0.9188757538795471,0.7203153371810913,0.3991445302963257,4,1,-0.0,0,5,1,-0.0,0,7,1,-0.0,0
0,0.9850134253501892,0.7962355017662048,0.12206076085567474,7,1,-0.0,0,10,1,-0.0,0,11,1,-0.0,0
0,0.9820842146873474,0.7525395750999451,0.9139789938926697,4,2,0.6931471805599453,1,4,2,0.6931471805599453,1,5,2,0.6931471805599453,1
0,0.9894111752510071,0.7339807152748108,0.9651904106140137,6,1,-0.0,0,6,1,-0.0,0,9,1,-0.0,0
0,0.9741278886795044,0.7043460011482239,0.041343215852975845,1,1,-0.0,0,1,1,-0.0,0,5,2,0.6730116670092563,1
0,0.9808077216148376,0.9119897484779358,0.026473339647054672,8,1,-0.0,0,10,2,0.6931471805599453,1,10,2,0.6931471805599453,1
1,0.12475841492414474,0.6281870007514954,0.6973478198051453,0,0,0.0,0,0,0,0.0,0,0,0,0.0,0
1,0.8876523971557617,0.8386160731315613,0.9797253012657166,4,1,-0.0,0,6,2,0.6791932659915257,1,8,2,0.6615632381579821,1
0,0.9239458441734314,0.664946973323822,0.993058443069458,1,1,-0.0,0,1,1,-0.0,0,2,1,-0.0,0
0,0.6625130772590637,0.701389729976654,0.8882833123207092,1,1,-0.0,0,2,1,-0.0,0,2,1,-0.0,0
0,0.9633105993270874,0.6374911069869995,0.3950215280056,5,1,-0.0,0,11,3,1.0837228662099916,1,13,4,1.2702755146284856,1
0,0.8084406852722168,0.840824544429779,0.24421198666095734,2,1,-0.0,0,2,1,-0.0,0,2,1,-0.0,0
0,0.9952168464660645,0.9143925905227661,0.023995019495487213,2,1,-0.0,0,2,1,-0.0,0,2,1,-0.0,0
0,0.9931833148002625,0.7327761650085449,0.0447511300444603,1,1,-0.0,0,3,1,-0.0,0,6,1,-0.0,0
0,0.9977390766143799,0.9523196220397949,0.010046524927020073,4,1,-0.0,0,4,1,-0.0,0,4,1,-0.0,0
0,0.8442686796188354,0.853517472743988,0.7914992570877075,1,1,-0.0,0,1,1,-0.0,0,1,1,-0.0,0
0,0.9222590327262878,0.7991389036178589,0.9930357336997986,3,2,0.6931471805599453,1,3,2,0.6931471805599453,1,6,3,1.0281838593329258,1
0,0.12704889476299286,0.763055145740509,0.9177352786064148,0,0,0.0,0,0,0,0.0,0,0,0,0.0,0
0,0.2676980495452881,0.640371561050415,0.11349169164896011,0,0,0.0,0,0,0,0.0,0,2,1,-0.0,0
0,0.9337489008903503,0.9351488947868347,0.13864555954933167,3,1,-0.0,0,5,1,-0.0,0,6,1,-0.0,0
0,0.997685432434082,0.9482393264770508,0.018901323899626732,3,1,-0.0,0,3,1,-0.0,0,4,1,-0.0,0
0,0.3211522102355957,0.7026951313018799,0.26607856154441833,0,0,0.0,0,0,0,0.0,0,2,1,-0.0,0
0,0.9979107975959778,0.6706646680831909,0.014166194945573807,2,1,-0.0,0,2,1,-0.0,0,2,1,-0.0,0
0,0.3875086009502411,0.8415652513504028,0.2582429051399231,0,0,0.0,0,1,1,-0.0,0,2,2,0.6931471805599453,1
0,0.08081606775522232,0.6425397396087646,0.9029972553253174,0,0,0.0,0,0,0,0.0,0,0,0,0.0,0
0,0.19214214384555817,0.7559165358543396,0.8641050457954407,0,0,0.0,0,0,0,0.0,0,0,0,0.0,0
0,0.210032120347023,0.7846667766571045,0.13024932146072388,0,0,0.0,0,0,0,0.0,0,1,1,-0.0,0
0,0.8717737197875977,0.9169405102729797,0.06629209965467453,1,1,-0.0,0,1,1,-0.0,0,1,1,-0.0,0
0,0.5438722968101501,0.6813879013061523,0.26849186420440674,2,1,-0.0,0,4,1,-0.0,0,5,1,-0.0,0
1,0.3685736656188965,0.6897991299629211,0.6063548922538757,0,0,0.0,0,1,1,-0.0,0,2,1,-0.0,0
0,0.7580612897872925,0.901461124420166,0.8958744406700134,1,1,-0.0,0,1,1,-0.0,0,1,1,-0.0,0
1,0.4336993396282196,0.8166596293449402,0.7897618412971497,0,0,0.0,0,1,1,-0.0,0,2,1,-0.0,0
1,0.7056765556335449,0.772075355052948,0.22681303322315216,1,1,-0.0,0,1,1,-0.0,0,3,2,0.6365141682948128,1
0,0.9931455850601196,0.822194516658783,0.37128907442092896,2,1,-0.0,0,3,1,-0.0,0,3,1,-0.0,0
0,0.9757207632064819,0.7993112802505493,0.054564252495765686,8,1,-0.0,0,10,2,0.6853142072764582,1,11,2,0.6682484776645385,1
0,0.9874805808067322,0.7395071387290955,0.25410881638526917,5,1,-0.0,0,8,1,-0.0,0,9,1,-0.0,0
0,0.9702724814414978,0.8445168733596802,0.6112785935401917,5,1,-0.0,0,8,2,0.6615632381579821,1,11,2,0.6254913597255729,1
0,0.027433592826128006,0.713499903678894,0.6004696488380432,0,0,0.0,0,0,0,0.0,0,0,0,0.0,0
1,0.5577762722969055,0.77359938621521,0.1972442865371704,1,1,-0.0,0,1,1,-0.0,0,2,1,-0.0,0
1,0.008545284159481525,0.7923252582550049,0.5992270112037659,0,0,0.0,0,0,0,0.0,0,0,0,0.0,0
0,0.9971975088119507,0.7783312201499939,0.27643388509750366,8,2,0.5623351446188083,1,8,2,0.5623351446188083,1,9,2,0.5908422462755825,1
0,0.689811646938324,0.8540688157081604,0.40318816900253296,2,1,-0.0,0,4,1,-0.0,0,5,1,-0.0,0
0,0.9976789355278015,0.7526839375495911,0.9842186570167542,6,1,-0.0,0,6,1,-0.0,0,9,1,-0.0,0
0,0.9941249489784241,0.8419439792633057,0.9045461416244507,10,1,-0.0,0,10,1,-0.0,0,10,1,-0.0,0
0,0.9903830885887146,0.8222684860229492,0.08504147827625275,1,1,-0.0,0,1,1,-0.0,0,2,1,-0.0,0
0,0.993579626083374,0.8580598831176758,0.17153768241405487,12,2,0.4505612088663047,1,12,2,0.4505612088663047,1,13,2,0.4895518936229288,1
0,0.0073236278258264065,0.7279670238494873,0.18204033374786377,0,0,0.0,0,0,0,0.0,0,0,0,0.0,0
0,0.9955861568450928,0.7509916424751282,0.09506964683532715,1,1,-0.0,0,3,1,-0.0,0,3,1,-0.0,0
0,0.940742552280426,0.7193609476089478,0.9455439448356628,5,1,-0.0,0,8,1,-0.0,0,11,1,-0.0,0
0,0.9915653467178345,0.6816770434379578,0.8265734314918518,6,1,-0.0,0,7,1,-0.0,0,8,1,-0.0,0
0,0.12276095151901245,0.6546627879142761,0.7411971688270569,0,0,0.0,0,0,0,0.0,0,0,0,0.0,0
0,0.9388468861579895,0.7632398009300232,0.8340466022491455,8,3,0.796311640173813,1,10,3,0.8486855577264171,1,12,3,0.8599672810355049,1
0,0.9979146122932434,0.6649743318557739,0.5332170128822327,7,1,-0.0,0,7,1,-0.0,0,8,1,-0.0,0
1,0.010709509253501892,0.6281192898750305,0.8536621928215027,0,0,0.0,0,0,0,0.0,0,0,0,0.0,0
0,0.8807216882705688,0.7190709710121155,0.965857744216919,5,1,-0.0,0,6,1,-0.0,0,12,4,1.3398012704886217,1
0,0.9479480981826782,0.8554306626319885,0.6018459796905518,1,1,-0.0,0,1,1,-0.0,0,1,1,-0.0,0
0,0.8159548044204712,0.7795686721801758,0.86265629529953,1,1,-0.0,0,2,1,-0.0,0,2,1,-0.0,0
0,0.11257676035165787,0.7174165844917297,0.9389835596084595,0,0,0.0,0,0,0,0.0,0,0,0,0.0,0
0,0.9924110174179077,0.7014881372451782,0.33005642890930176,3,2,0.6931471805599453,1,3,2,0.6931471805599453,1,4,3,1.0821955300387671,1
0,0.9944512248039246,0.7398453950881958,0.22545549273490906,5,1,-0.0,0,6,1,-0.0,0,7,2,0.6931471805599453,1
0,0.961528480052948,0.659002423286438,0.5495684146881104,2,2,0.6931471805599453,1,2,2,0.6931471805599453,1,3,2,0.6365141682948128,1
1,0.2702760398387909,0.5904713273048401,0.8454146981239319,0,0,0.0,0,0,0,0.0,0,1,1,-0.0,0
0,0.6015583872795105,0.7147272229194641,0.6571975946426392,2,2,0.6931471805599453,1,4,2,0.6931471805599453,1,5,2,0.6931471805599453,1
0,0.9902950525283813,0.6421020030975342,0.39234301447868347,8,3,1.094780226007948,1,10,4,1.3226925425300058,1,11,4,1.3350851650920204,1
0,0.17954552173614502,0.7176874876022339,0.8176716566085815,0,0,0.0,0,0,0,0.0,0,0,0,0.0,0
0,0.9989851117134094,0.8242919445037842,0.9752480983734131,2,1,-0.0,0,2,1,-0.0,0,3,1,-0.0,0
0,0.8270664811134338,0.6793065667152405,0.963489830493927,2,1,-0.0,0,2,1,-0.0,0,2,1,-0.0,0
1,0.9933618307113647,0.6433451771736145,0.28325381875038147,6,1,-0.0,0,6,1,-0.0,0,8,2,0.48257756517701206,1
0,0.15724383294582367,0.8683872818946838,0.11582786589860916,0,0,0.0,0,0,0,0.0,0,0,0,0.0,0
0,0.9980290532112122,0.6299194693565369,0.43638041615486145,2,1,-0.0,0,2,1,-0.0,0,2,1,-0.0,0
0,0.9633730053901672,0.8256787061691284,0.2836180329322815,2,1,-0.0,0,2,1,-0.0,0,3,1,-0.0,0
0,0.3637336790561676,0.7763816714286804,0.541938304901123,0,0,0.0,0,1,1,-0.0,0,1,1,-0.0,0
0,0.9969151020050049,0.8793872594833374,0.13532166182994843,2,1,-0.0,0,2,1,-0.0,0,2,1,-0.0,0
0,0.33030256628990173,0.6570639610290527,0.6012343764305115,0,0,0.0,0,0,0,0.0,0,1,1,-0.0,0
0,0.9189502596855164,0.7915691137313843,0.9935095906257629,1,1,-0.0,0,1,1,-0.0,0,1,1,-0.0,0
0,0.16305319964885712,0.6181413531303406,0.7604233026504517,0,0,0.0,0,0,0,0.0,0,0,0,0.0,0
0,0.2623242437839508,0.7908428907394409,0.050367213785648346,0,0,0.0,0,0,0,0.0,0,1,1,-0.0,0
0,0.9871419668197632,0.7449967861175537,0.7092958688735962,9,3,1.09546366204277,1,11,3,1.0900596587107838,1,11,3,1.0900596587107838,1
0,0.5857253670692444,0.8340057134628296,0.34908244013786316,1,1,-0.0,0,2,1,-0.0,0,4,2,0.6931471805599453,1
0,0.9648454189300537,0.837401270866394,0.8957312107086182,5,2,0.6730116670092563,1,6,4,1.3481959185755505,1,7,5,1.5657128199245953,1
0,0.9531459808349609,0.7309027910232544,0.7692576050758362,7,2,0.6829081047004717,1,7,2,0.6829081047004717,1,7,2,0.6829081047004717,1
0,0.9255075454711914,0.7337997555732727,0.968972384929657,1,1,-0.0,0,2,2,0.6931471805599453,1,3,2,0.6365141682948128,1
0,0.6076129078865051,0.7812798023223877,0.8121148347854614,1,1,-0.0,0,1,1,-0.0,0,3,1,-0.0,0
0,0.6355975270271301,0.8111942410469055,0.032116010785102844,2,1,-0.0,0,2,1,-0.0,0,4,2,0.6931471805599453,1
0,0.42655131220817566,0.6727766990661621,0.27125173807144165,0,0,0.0,0,2,1,-0.0,0,2,1,-0.0,0
0,0.6809936165809631,0.7526479363441467,0.7794561982154846,3,1,-0.0,0,4,1,-0.0,0,4,1,-0.0,0
0,0.10497847944498062,0.766470730304718,0.07998717576265335,0,0,0.0,0,0,0,0.0,0,0,0,0.0,0
0,0.981332540512085,0.859271764755249,0.5679087042808533,6,2,0.4505612088663047,1,7,2,0.410116318288409,1,8,2,0.37677016125643675,1
0,0.9817216396331787,0.7255599498748779,0.976111114025116,2,1,-0.0,0,3,2,0.6931471805599453,1,4,2,0.6931471805599453,1
0,0.9829636812210083,0.7967402338981628,0.8254099488258362,2,1,-0.0,0,2,1,-0.0,0,4,1,-0.0,0
0,0.9898366332054138,0.7505181431770325,0.7015970945358276,4,1,-0.0,0,5,2,0.5004024235381879,1,6,3,1.0281838593329258,1
0,0.3330176770687103,0.7192131876945496,0.08389753103256226,0,0,0.0,0,0,0,0.0,0,1,1,-0.0,0
0,0.7640026211738586,0.7594318389892578,0.3239843249320984,1,1,-0.0,0,1,1,-0.0,0,1,1,-0.0,0
0,0.32909145951271057,0.916243851184845,0.44135579466819763,0,0,0.0,0,0,0,0.0,0,2,1,-0.0,0
0,0.9360672831535339,0.7089357972145081,0.15576684474945068,2,1,-0.0,0,5,1,-0.0,0,9,2,0.6517565611726532,1
0,0.12837818264961243,0.7751672863960266,0.48598524928092957,0,0,0.0,0,0,0,0.0,0,0,0,0.0,0
0,0.17099237442016602,0.7685600519180298,0.5251893997192383,0,0,0.0,0,0,0,0.0,0,0,0,0.0,0
0,0.0787566751241684,0.769748866558075,0.07571479678153992,0,0,0.0,0,0,0,0.0,0,0,0,0.0,0
0,0.05857998877763748,0.94962078332901,0.8879669904708862,0,0,0.0,0,0,0,0.0,0,0,0,0.0,0
0,0.105598583817482,0.7781248688697815,0.058214910328388214,0,0,0.0,0,0,0,0.0,0,0,0,0.0,0
0,0.9742407202720642,0.9101802706718445,0.12994086742401123,1,1,-0.0,0,1,1,-0.0,0,1,1,-0.0,0
0,0.49778836965560913,0.7833007574081421,0.9798927307128906,0,0,0.0,0,1,1,-0.0,0,1,1,-0.0,0
0,0.04750104248523712,0.7636154294013977,0.9951213002204895,0,0,0.0,0,0,0,0.0,0,0,0,0.0,0
0,0.07312985509634018,0.7115028500556946,0.1273627132177353,0,0,0.0,0,0,0,0.0,0,0,0,0.0,0
0,0.25421464443206787,0.7344015836715698,0.24885982275009155,0,0,0.0,0,0,0,0.0,0,1,1,-0.0,0
0,0.5534981489181519,0.8037309050559998,0.4691511392593384,1,1,-0.0,0,1,1,-0.0,0,1,1,-0.0,0
0,0.04198431223630905,0.7951539754867554,0.9062486290931702,0,0,0.0,0,0,0,0.0,0,0,0,0.0,0
0,0.7913761138916016,0.7058906555175781,0.8964448571205139,3,1,-0.0,0,6,1,-0.0,0,9,1,-0.0,0
0,0.28842589259147644,0.8652125000953674,0.31096795201301575,0,0,0.0,0,0,0,0.0,0,1,1,-0.0,0
0,0.9983803033828735,0.7178598642349243,0.15086807310581207,1,1,-0.0,0,1,1,-0.0,0,2,1,-0.0,0
0,0.018549511209130287,0.8417536020278931,0.6207646131515503,0,0,0.0,0,0,0,0.0,0,0,0,0.0,0
0,0.3777643144130707,0.8281476497650146,0.5722987055778503,0,0,0.0,0,1,1,-0.0,0,1,1,-0.0,0
0,0.9816558957099915,0.7451218366622925,0.23977777361869812,2,1,-0.0,0,2,1,-0.0,0,2,1,-0.0,0
0,0.13223643600940704,0.8332658410072327,0.04472753778100014,0,0,0.0,0,0,0,0.0,0,0,0,0.0,0
0,0.8007047176361084,0.7350022196769714,0.32116052508354187,3,1,-0.0,0,4,1,-0.0,0,4,1,-0.0,0
0,0.995978593826294,0.7427300810813904,0.0024773941840976477,12,2,0.6931471805599453,1,13,2,0.6931471805599453,1,14,2,0.6931471805599453,1
0,0.0899587944149971,0.7312952876091003,0.5908381342887878,0,0,0.0,0,0,0,0.0,0,0,0,0.0,0
0,0.27763402462005615,0.6698569059371948,0.45861393213272095,0,0,0.0,0,0,0,0.0,0,1,1,-0.0,0
0,0.5072019696235657,0.8131188750267029,0.048857998102903366,1,1,-0.0,0,1,1,-0.0,0,2,1,-0.0,0
0,0.028223341330885887,0.851832389831543,0.6467477679252625,0,0,0.0,0,0,0,0.0,0,0,0,0.0,0
0,0.01844651624560356,0.7627078294754028,0.6468064188957214,0,0,0.0,0,0,0,0.0,0,0,0,0.0,0
0,0.9982836246490479,0.8978554010391235,0.05276092514395714,3,1,-0.0,0,3,1,-0.0,0,5,1,-0.0,0
0,0.6886651515960693,0.6768726110458374,0.996538519859314,1,1,-0.0,0,2,1,-0.0,0,3,1,-0.0,0
1,0.9702235460281372,0.6566793322563171,0.5210781693458557,1,1,-0.0,0,2,2,0.6931471805599453,1,4,2,0.6931471805599453,1
0,0.9027128219604492,0.8128064274787903,0.3318624198436737,1,1,-0.0,0,2,1,-0.0,0,2,1,-0.0,0
0,0.23268117010593414,0.6791775226593018,0.9521328210830688,0,0,0.0,0,0,0,0.0,0,1,1,-0.0,0
0,0.9945260882377625,0.7679890394210815,0.7213022112846375,12,1,-0.0,0,13,1,-0.0,0,13,1,-0.0,0
0,0.9083712697029114,0.8035386204719543,0.048001859337091446,2,1,-0.0,0,2,1,-0.0,0,2,1,-0.0,0
0,0.36065787076950073,0.7602799534797668,0.7336183190345764,0,0,0.0,0,1,1,-0.0,0,4,2,0.6615632381579821,1
0,0.35802680253982544,0.6669421792030334,0.9691901206970215,0,0,0.0,0,1,1,-0.0,0,1,1,-0.0,0
0,0.9918510317802429,0.7805667519569397,0.34069719910621643,4,2,0.6615632381579821,1,5,2,0.6730116670092563,1,6,2,0.6791932659915257,1
0,0.979656994342804,0.778229832649231,0.7200114727020264,11,4,1.3862943611198906,1,11,4,1.3862943611198906,1,12,6,1.7899976715580426,1
0,0.98827064037323,0.6822388768196106,0.7991930842399597,7,2,0.6931471805599453,1,7,2,0.6931471805599453,1,7,2,0.6931471805599453,1
0,0.857082188129425,0.776123046875,0.955706775188446,2,1,-0.0,0,2,1,-0.0,0,3,1,-0.0,0
0,0.053859759122133255,0.7581800222396851,0.8602775931358337,0,0,0.0,0,0,0,0.0,0,0,0,0.0,0
0,0.7141125798225403,0.6296946406364441,0.9299473762512207,2,1,-0.0,0,2,1,-0.0,0,3,1,-0.0,0
0,0.6894739866256714,0.7756104469299316,0.9587799310684204,1,1,-0.0,0,1,1,-0.0,0,3,1,-0.0,0
0,0.8575718998908997,0.6516034007072449,0.9293646812438965,1,1,-0.0,0,1,1,-0.0,0,3,1,-0.0,0
0,0.8752689361572266,0.8144955039024353,0.997908353805542,4,1,-0.0,0,6,1,-0.0,0,7,1,-0.0,0
0,0.9502541422843933,0.8187089562416077,0.9764125347137451,2,1,-0.0,0,2,1,-0.0,0,3,1,-0.0,0
0,0.22659936547279358,0.7618470191955566,0.9353847503662109,0,0,0.0,0,0,0,0.0,0,1,1,-0.0,0
1,0.9425837397575378,0.6546289324760437,0.7650663256645203,1,1,-0.0,0,2,1,-0.0,0,5,1,-0.0,0
0,0.7874312996864319,0.616316020488739,0.29648101329803467,2,1,-0.0,0,2,1,-0.0,0,2,1,-0.0,0
0,0.9960344433784485,0.9044736623764038,0.02927449904382229,4,1,-0.0,0,5,1,-0.0,0,5,1,-0.0,0
0,0.8661965131759644,0.8537366986274719,0.907316267490387,1,1,-0.0,0,2,1,-0.0,0,3,2,0.6931471805599453,1
0,0.9909899234771729,0.8054162859916687,0.645361065864563,1,1,-0.0,0,1,1,-0.0,0,1,1,-0.0,0
0,0.9987074136734009,0.773606538772583,0.4998917281627655,2,1,-0.0,0,2,1,-0.0,0,2,1,-0.0,0
0,0.986055850982666,0.8152018785476685,0.7880340218544006,5,1,-0.0,0,5,1,-0.0,0,6,2,0.4505612088663047,1
0,0.9970443844795227,0.7902393341064453,0.06386524438858032,11,6,1.78361637312293,1,12,9,2.1856198255859667,1,12,9,2.1856198255859667,1
0,0.9740735292434692,0.7358182668685913,0.6763136982917786,5,2,0.6931471805599453,1,7,3,1.0936195504301194,1,9,3,1.0955785063977714,1
0,0.9578811526298523,0.646830677986145,0.06634332239627838,5,1,-0.0,0,5,1,-0.0,0,8,1,-0.0,0
0,0.9623827338218689,0.6957012414932251,0.14858488738536835,3,1,-0.0,0,3,1,-0.0,0,4,1,-0.0,0
0,0.7048576474189758,0.734172523021698,0.3051556348800659,1,1,-0.0,0,5,1,-0.0,0,6,1,-0.0,0
0,0.9667538404464722,0.8984208703041077,0.11363951861858368,2,1,-0.0,0,5,1,-0.0,0,6,1,-0.0,0
0,0.12022047489881516,0.7469359040260315,0.6433238387107849,0,0,0.0,0,0,0,0.0,0,0,0,0.0,0
0,0.9967042803764343,0.882015585899353,0.3769518733024597,3,1,-0.0,0,3,1,-0.0,0,3,1,-0.0,0
0,0.9801228642463684,0.8835398554801941,0.08220195025205612,9,1,-0.0,0,11,1,-0.0,0,11,1,-0.0,0
0,0.9932147264480591,0.7141388058662415,0.7781150937080383,6,2,0.4505612088663047,1,6,2,0.4505612088663047,1,7,2,0.410116318288409,1
0,0.9989295601844788,0.6612382531166077,0.996429979801178,2,1,-0.0,0,2,1,-0.0,0,4,1,-0.0,0
0,0.9787853956222534,0.8052480220794678,0.8221710324287415,8,1,-0.0,0,10,1,-0.0,0,10,1,-0.0,0
0,0.9959728121757507,0.8350905776023865,0.9534799456596375,2,1,-0.0,0,2,1,-0.0,0,2,1,-0.0,0
0,0.3625711500644684,0.7454291582107544,0.9119813442230225,0,0,0.0,0,1,1,-0.0,0,1,1,-0.0,0
0,0.9949709177017212,0.827641487121582,0.4282400608062744,6,1,-0.0,0,6,1,-0.0,0,6,1,-0.0,0
0,0.9945769309997559,0.7491239309310913,0.2659800946712494,1,1,-0.0,0,4,1,-0.0,0,4,1,-0.0,0
0,0.9675031304359436,0.7409496307373047,0.591053307056427,1,1,-0.0,0,1,1,-0.0,0,4,1,-0.0,0
0,0.9974531531333923,0.7071468830108643,0.2794010043144226,8,3,1.0397207708399179,1,9,3,0.9950269901795212,1,9,3,0.9950269901795212,1
0,0.993362545967102,0.6513149738311768,0.263168066740036,4,1,-0.0,0,4,1,-0.0,0,7,4,1.3862943611198906,1
0,0.7337241172790527,0.6822035908699036,0.7056764960289001,3,1,-0.0,0,4,1,-0.0,0,6,1,-0.0,0
0,0.8998556137084961,0.912756085395813,0.02279939129948616,1,1,-0.0,0,2,1,-0.0,0,2,1,-0.0,0
0,0.9853856563568115,0.7934448719024658,0.6665598154067993,7,3,0.992281974852574,1,9,3,0.9580002800887726,1,12,3,0.9184277849930976,1
0,0.8587014675140381,0.737927258014679,0.9709652662277222,5,1,-0.0,0,5,1,-0.0,0,5,1,-0.0,0
0,0.11859002709388733,0.7978615760803223,0.8590770959854126,0,0,0.0,0,0,0,0.0,0,0,0,0.0,0
0,0.9764451384544373,0.6241114735603333,0.14988046884536743,1,1,-0.0,0,2,1,-0.0,0,2,1,-0.0,0
0,0.12624962627887726,0.7421889901161194,0.8959375619888306,0,0,0.0,0,0,0,0.0,0,0,0,0.0,0
0,0.9784392714500427,0.764519989490509,0.9983680844306946,5,2,0.6108643020548934,1,7,2,0.5982695885852573,1,8,2,0.5623351446188083,1
0,0.9967569708824158,0.8868763446807861,0.14988383650779724,6,2,0.6931471805599453,1,7,2,0.6931471805599452,1,11,2,0.6931471805599452,1
0,0.9493178129196167,0.7708029747009277,0.9944203495979309,2,1,-0.0,0,3,1,-0.0,0,3,1,-0.0,0
0,0.9981034994125366,0.8097096681594849,0.6562779545783997,10,2,0.6931471805599453,1,10,2,0.6931471805599453,1,11,4,1.3821564190366038,1
0,0.7302370667457581,0.7413673400878906,0.5529466271400452,2,1,-0.0,0,2,1,-0.0,0,6,2,0.4505612088663047,1
1,0.29532429575920105,0.8545446991920471,0.10032393038272858,0,0,0.0,0,0,0,0.0,0,1,1,-0.0,0
1,0.8343720436096191,0.830961287021637,0.16324736177921295,2,1,-0.0,0,3,1,-0.0,0,5,2,0.5004024235381879,1
0,0.7822428941726685,0.7577056884765625,0.577265202999115,3,1,-0.0,0,5,1,-0.0,0,8,1,-0.0,0
0,0.9937840700149536,0.8049424290657043,0.5661805868148804,5,1,-0.0,0,6,2,0.6791932659915257,1,7,3,1.0936195504301194,1
0,0.40572604537010193,0.7548577189445496,0.6594862341880798,0,0,0.0,0,2,1,-0.0,0,2,1,-0.0,0
0,0.37014445662498474,0.7663084864616394,0.028344284743070602,0,0,0.0,0,1,1,-0.0,0,1,1,-0.0,0
0,0.9870733022689819,0.7343229651451111,0.13462254405021667,1,1,-0.0,0,3,1,-0.0,0,5,1,-0.0,0
0,0.9828790426254272,0.8049147725105286,0.9748042821884155,12,1,-0.0,0,12,1,-0.0,0,13,1,-0.0,0
0,0.9534307718276978,0.8253325819969177,0.08357004076242447,4,1,-0.0,0,4,1,-0.0,0,9,1,-0.0,0
0,0.989963710308075,0.8188754320144653,0.9919551014900208,6,1,-0.0,0,8,1,-0.0,0,9,1,-0.0,0
0,0.9673795700073242,0.8723378777503967,0.46841028332710266,4,1,-0.0,0,6,1,-0.0,0,6,1,-0.0,0
0,0.9240018129348755,0.7121445536613464,0.7657075524330139,6,1,-0.0,0,10,2,0.6881388137135884,1,10,2,0.6881388137135884,1
0,0.9208372235298157,0.8433460593223572,0.0870402380824089,4,1,-0.0,0,4,1,-0.0,0,5,1,-0.0,0
0,0.6277534365653992,0.5980809926986694,0.7889846563339233,2,1,-0.0,0,2,1,-0.0,0,2,1,-0.0,0
0,0.9989939332008362,0.6590749025344849,0.8565834164619446,12,4,1.3862943611198906,1,12,4,1.3862943611198906,1,12,4,1.3862943611198906,1
0,0.9989719390869141,0.7256982922554016,0.8315024971961975,6,1,-0.0,0,7,2,0.6931471805599453,1,9,2,0.6869615765973234,1
0,0.9490224719047546,0.812898576259613,0.9937744140625,1,1,-0.0,0,1,1,-0.0,0,1,1,-0.0,0
0,0.9948948621749878,0.6802229881286621,0.45748570561408997,2,1,-0.0,0,3,1,-0.0,0,5,2,0.6108643020548935,1
0,0.9724839925765991,0.8377686142921448,0.06077014282345772,3,1,-0.0,0,3,1,-0.0,0,3,1,-0.0,0
0,0.9879244565963745,0.7920786738395691,0.5202385783195496,9,2,0.5908422462755825,1,10,2,0.6108643020548935,1,10,2,0.6108643020548935,1
0,0.9966959953308105,0.7802562713623047,0.04870981350541115,6,1,-0.0,0,6,1,-0.0,0,6,1,-0.0,0
0,0.9988222718238831,0.8772158622741699,0.23323087394237518,2,1,-0.0,0,2,1,-0.0,0,2,1,-0.0,0
0,0.7027461528778076,0.741760790348053,0.9873226284980774,4,1,-0.0,0,7,1,-0.0,0,9,1,-0.0,0
0,0.9953716397285461,0.7181945443153381,0.6118226051330566,7,2,0.6517565611726531,1,8,2,0.6210863745552451,1,8,2,0.6210863745552451,1
0,0.2394292652606964,0.7552205324172974,0.9337738752365112,0,0,0.0,0,0,0,0.0,0,2,1,-0.0,0
0,0.7312925457954407,0.8513106107711792,0.8570498824119568,5,1,-0.0,0,7,2,0.6829081047004717,1,8,3,1.0397207708399179,1
0,0.9769161343574524,0.6729851365089417,0.9825145602226257,1,1,-0.0,0,1,1,-0.0,0,3,1,-0.0,0
0,0.6392351984977722,0.6827762126922607,0.9168964624404907,1,1,-0.0,0,2,1,-0.0,0,3,1,-0.0,0
0,0.9899722337722778,0.7656036019325256,0.5566327571868896,4,1,-0.0,0,4,1,-0.0,0,4,1,-0.0,0
0,0.6450477242469788,0.7031124234199524,0.7086689472198486,2,1,-0.0,0,4,1,-0.0,0,5,2,0.6931471805599453,1
0,0.7897091507911682,0.7586922645568848,0.4770577549934387,1,1,-0.0,0,1,1,-0.0,0,2,1,-0.0,0
0,0.9941125512123108,0.7833147644996643,0.725943386554718,5,1,-0.0,0,5,1,-0.0,0,5,1,-0.0,0
0,0.9384546875953674,0.7910217642784119,0.9559764266014099,7,3,1.0831868215130975,1,7,3,1.0831868215130975,1,8,3,1.0868238899287483,1
0,0.9911858439445496,0.7659412026405334,0.9024897813796997,4,2,0.6931471805599453,1,5,2,0.6730116670092563,1,8,3,1.0505717513316428,1
0,0.9883254766464233,0.7995478510856628,0.065818190574646,11,2,0.535959889216217,1,12,2,0.5623351446188083,1,13,3,0.899409004362367,1
0,0.4547020494937897,0.8444214463233948,0.9196981191635132,0,0,0.0,0,2,1,-0.0,0,3,1,-0.0,0
0,0.9896281957626343,0.755420446395874,0.9367690682411194,1,1,-0.0,0,1,1,-0.0,0,2,1,-0.0,0
0,0.9943072199821472,0.7062473893165588,0.3492676317691803,3,1,-0.0,0,4,1,-0.0,0,4,1,-0.0,0
0,0.9396103024482727,0.6273242235183716,0.23031532764434814,3,1,-0.0,0,4,1,-0.0,0,4,1,-0.0,0
0,0.9980583786964417,0.7048924565315247,0.1287500560283661,10,1,-0.0,0,11,2,0.6931471805599453,1,11,2,0.6931471805599453,1
0,0.9293964505195618,0.7691077589988708,0.330733984708786,5,1,-0.0,0,6,2,0.6931471805599453,1,7,2,0.6931471805599452,1
0,0.9917667508125305,0.6200162172317505,0.49286749958992004,6,2,0.6365141682948128,1,7,2,0.6365141682948128,1,9,2,0.6108643020548934,1
0,0.9474071264266968,0.6779127717018127,0.3607412278652191,4,2,0.5623351446188083,1,4,2,0.5623351446188083,1,6,2,0.4505612088663047,1
0,0.49417224526405334,0.7340447306632996,0.5192200541496277,0,0,0.0,0,3,1,-0.0,0,7,1,-0.0,0
0,0.9930136799812317,0.825344443321228,0.2562400996685028,5,1,-0.0,0,7,1,-0.0,0,7,1,-0.0,0
0,0.9612609148025513,0.6272143125534058,0.9489815831184387,4,3,1.0821955300387673,1,4,3,1.0821955300387673,1,5,3,1.0296530140645737,1
0,0.5136306881904602,0.603662371635437,0.38890087604522705,1,1,-0.0,0,1,1,-0.0,0,2,1,-0.0,0
0,0.8410253524780273,0.6835897564888,0.802358865737915,2,1,-0.0,0,2,1,-0.0,0,3,1,-0.0,0
0,0.734363853931427,0.4804312586784363,0.9615548253059387,1,1,-0.0,0,1,1,-0.0,0,2,2,0.6931471805599453,1
0,0.6236554980278015,0.8010472059249878,0.8829649090766907,2,1,-0.0,0,2,1,-0.0,0,2,1,-0.0,0
0,0.9962390661239624,0.8301851749420166,0.32035043835639954,4,2,0.6615632381579821,1,4,2,0.6615632381579821,1,5,2,0.6730116670092565,1
0,0.004819049499928951,0.6928345561027527,0.8782078623771667,0,0,0.0,0,0,0,0.0,0,0,0,0.0,0
0,0.8880455493927002,0.7967806458473206,0.035392336547374725,1,1,-0.0,0,1,1,-0.0,0,1,1,-0.0,0
0,0.17352883517742157,0.8480295538902283,0.7518873810768127,0,0,0.0,0,0,0,0.0,0,0,0,0.0,0
0,0.13225938379764557,0.8702051043510437,0.12182270735502243,0,0,0.0,0,0,0,0.0,0,0,0,0.0,0
0,0.9921889305114746,0.7997275590896606,0.14081141352653503,1,1,-0.0,0,1,1,-0.0,0,1,1,-0.0,0
0,0.053073540329933167,0.6825977563858032,0.9325007796287537,0,0,0.0,0,0,0,0.0,0,0,0,0.0,0
0,0.9689305424690247,0.6891700029373169,0.9920772314071655,2,1,-0.0,0,2,1,-0.0,0,5,2,0.6108643020548935,1
0,0.9563452005386353,0.7418981194496155,0.9858192205429077,4,2,0.6931471805599453,1,4,2,0.6931471805599453,1,5,4,1.3862943611198906,1
0,0.9983758926391602,0.8745818734169006,0.9356583952903748,2,1,-0.0,0,3,1,-0.0,0,5,2,0.6730116670092565,1
0,0.15950904786586761,0.6956140398979187,0.8415540456771851,0,0,0.0,0,0,0,0.0,0,0,0,0.0,0
0,0.9954758286476135,0.6610006093978882,0.07358500361442566,8,2,0.6931471805599453,1,8,2,0.6931471805599453,1,8,2,0.6931471805599453,1
0,0.4969331622123718,0.7625312209129333,0.9822613000869751,0,0,0.0,0,1,1,-0.0,0,1,1,-0.0,0
0,0.7184821963310242,0.7590464949607849,0.4249783754348755,1,1,-0.0,0,1,1,-0.0,0,1,1,-0.0,0
0,0.4174986183643341,0.6177594661712646,0.4133652150630951,0,0,0.0,0,1,1,-0.0,0,2,1,-0.0,0
1,0.0033060491550713778,0.6671150326728821,0.910137414932251,0,0,0.0,0,0,0,0.0,0,0,0,0.0,0
0,0.03870616853237152,0.6575645208358765,0.02535693719983101,0,0,0.0,0,0,0,0.0,0,0,0,0.0,0
0,0.20964686572551727,0.8765171766281128,0.5544180870056152,0,0,0.0,0,0,0,0.0,0,1,1,-0.0,0
0,0.12609222531318665,0.7898730635643005,0.009510998614132404,0,0,0.0,0,0,0,0.0,0,0,0,0.0,0
0,0.9472000002861023,0.8233462572097778,0.164475217461586,7,2,0.6829081047004716,1,7,2,0.6829081047004716,1,7,2,0.6829081047004716,1
0,0.9848490953445435,0.876384437084198,0.5633658170700073,1,1,-0.0,0,3,1,-0.0,0,3,1,-0.0,0
0,0.988165020942688,0.847797691822052,0.8152210712432861,1,1,-0.0,0,1,1,-0.0,0,1,1,-0.0,0
0,0.9968044757843018,0.5833721160888672,0.8301158547401428,1,1,-0.0,0,1,1,-0.0,0,1,1,-0.0,0
0,0.16631180047988892,0.6437390446662903,0.927895724773407,0,0,0.0,0,0,0,0.0,0,0,0,0.0,0
1,0.08694642037153244,0.8350359797477722,0.9565439224243164,0,0,0.0,0,0,0,0.0,0,0,0,0.0,0
0,0.03439239785075188,0.7929007411003113,0.996557354927063,0,0,0.0,0,0,0,0.0,0,0,0,0.0,0
0,0.05231469124555588,0.7228851914405823,0.9908671379089355,0,0,0.0,0,0,0,0.0,0,0,0,0.0,0
0,0.9976319074630737,0.6441464424133301,0.20424404740333557,1,1,-0.0,0,1,1,-0.0,0,1,1,-0.0,0
0,0.8267228007316589,0.7718438506126404,0.09293730556964874,2,1,-0.0,0,2,1,-0.0,0,2,1,-0.0,0
0,0.7584509253501892,0.852671205997467,0.11993323266506195,1,1,-0.0,0,1,1,-0.0,0,1,1,-0.0,0
0,0.6787192821502686,0.8443647027015686,0.995652437210083,1,1,-0.0,0,3,2,0.6365141682948128,1,5,3,1.0549201679861442,1
0,0.9800375699996948,0.7312639355659485,0.1308380365371704,5,1,-0.0,0,6,1,-0.0,0,7,2,0.6829081047004717,1
0,0.04243719205260277,0.8601868748664856,0.649455189704895,0,0,0.0,0,0,0,0.0,0,0,0,0.0,0
0,0.8052828311920166,0.8181442618370056,0.4076915681362152,4,1,-0.0,0,4,1,-0.0,0,7,1,-0.0,0
1,0.9808849096298218,0.800276517868042,0.4127464294433594,1,1,-0.0,0,2,1,-0.0,0,2,1,-0.0,0
0,0.9969785213470459,0.8968037962913513,0.9581570029258728,3,1,-0.0,0,6,2,0.6931471805599453,1,8,3,1.0946165043969542,1
0,0.9857659339904785,0.897106945514679,0.7650932669639587,2,1,-0.0,0,3,2,0.6365141682948128,1,3,2,0.6365141682948128,1
0,0.974750816822052,0.7661871314048767,0.7859890460968018,4,2,0.5623351446188083,1,5,2,0.6108643020548935,1,8,5,1.5422433210004725,1
0,0.9979175925254822,0.9582188129425049,0.39708489179611206,5,1,-0.0,0,7,1,-0.0,0,9,1,-0.0,0
0,0.3013837933540344,0.7945656180381775,0.9828485250473022,0,0,0.0,0,0,0,0.0,0,2,1,-0.0,0
1,0.2630710303783417,0.794314980506897,0.9738174676895142,0,0,0.0,0,0,0,0.0,0,1,1,-0.0,0
0,0.1992981880903244,0.8774246573448181,0.9825196266174316,0,0,0.0,0,0,0,0.0,0,0,0,0.0,0
0,0.9910523295402527,0.8405727744102478,0.9786345958709717,4,1,-0.0,0,5,1,-0.0,0,6,1,-0.0,0
0,0.08836820721626282,0.7250277996063232,0.9059019088745117,0,0,0.0,0,0,0,0.0,0,0,0,0.0,0
0,0.002897157333791256,0.885043740272522,0.06978528946638107,0,0,0.0,0,0,0,0.0,0,0,0,0.0,0
0,0.9983336329460144,0.8775744438171387,0.709354043006897,1,1,-0.0,0,2,1,-0.0,0,2,1,-0.0,0
0,0.874575674533844,0.8061333298683167,0.037876345217227936,6,1,-0.0,0,6,1,-0.0,0,10,2,0.6881388137135884,1
0,0.8891072869300842,0.7333295941352844,0.9669812917709351,2,1,-0.0,0,3,2,0.6365141682948128,1,4,2,0.5623351446188083,1
0,0.9942017197608948,0.918171226978302,0.01051072683185339,12,1,-0.0,0,12,1,-0.0,0,14,1,-0.0,0
1,0.8931412100791931,0.7970706224441528,0.7301064133644104,4,2,0.6615632381579821,1,5,3,1.0888999753452238,1,8,4,1.3398012704886217,1
0,0.9557095766067505,0.7307937145233154,0.7925442457199097,1,1,-0.0,0,1,1,-0.0,0,1,1,-0.0,0
0,0.058556605130434036,0.7552549839019775,0.33212077617645264,0,0,0.0,0,0,0,0.0,0,0,0,0.0,0
0,0.5361601710319519,0.7118231058120728,0.9943450689315796,1,1,-0.0,0,5,1,-0.0,0,8,2,0.6931471805599453,1
0,0.9797568917274475,0.846411943435669,0.8802967071533203,8,1,-0.0,0,10,2,0.6931471805599453,1,12,2,0.6931471805599453,1
0,0.610500156879425,0.8878776431083679,0.9875923991203308,1,1,-0.0,0,1,1,-0.0,0,1,1,-0.0,0
0,0.3714376986026764,0.8595520853996277,0.6450837254524231,0,0,0.0,0,1,1,-0.0,0,1,1,-0.0,0
0,0.6018829941749573,0.8898993730545044,0.9708841443061829,2,1,-0.0,0,3,1,-0.0,0,4,1,-0.0,0
1,0.10893093049526215,0.7075950503349304,0.8419811129570007,0,0,0.0,0,0,0,0.0,0,0,0,0.0,0
1,0.6308416724205017,0.8401260375976562,0.8898400068283081,2,1,-0.0,0,2,1,-0.0,0,3,1,-0.0,0
0,0.6697061657905579,0.7450528740882874,0.33466383814811707,1,1,-0.0,0,1,1,-0.0,0,1,1,-0.0,0
0,0.1713586002588272,0.7177878618240356,0.6086341738700867,0,0,0.0,0,0,0,0.0,0,0,0,0.0,0
0,0.14390581846237183,0.7654125690460205,0.27848848700523376,0,0,0.0,0,0,0,0.0,0,0,0,0.0,0
0,0.25325432419776917,0.6332964301109314,0.9342340230941772,0,0,0.0,0,0,0,0.0,0,1,1,-0.0,0
0,0.17771749198436737,0.7083548903465271,0.49216020107269287,0,0,0.0,0,0,0,0.0,0,0,0,0.0,0
1,0.23064535856246948,0.700711190700531,0.28291329741477966,0,0,0.0,0,0,0,0.0,0,1,1,-0.0,0
1,0.7119457125663757,0.7861383557319641,0.6581391096115112,1,1,-0.0,0,1,1,-0.0,0,1,1,-0.0,0
1,0.9143776297569275,0.7223814129829407,0.12182899564504623,1,1,-0.0,0,1,1,-0.0,0,2,1,-0.0,0
0,0.2285521924495697,0.7960365414619446,0.9767184853553772,0,0,0.0,0,0,0,0.0,0,1,1,-0.0,0
0,0.34103643894195557,0.7704436182975769,0.7384310960769653,0,0,0.0,0,0,0,0.0,0,1,1,-0.0,0
0,0.9391471743583679,0.7072868347167969,0.8476521968841553,7,2,0.6829081047004717,1,7,2,0.6829081047004717,1,7,2,0.6829081047004717,1
1,0.03541663661599159,0.8132364153862,0.6071922183036804,0,0,0.0,0,0,0,0.0,0,0,0,0.0,0
0,0.20402726531028748,0.7961627244949341,0.11502917110919952,0,0,0.0,0,0,0,0.0,0,1,1,-0.0,0
0,0.9548490047454834,0.8298364281654358,0.8737927675247192,5,2,0.6931471805599453,1,7,3,1.0986122886681096,1,9,2,0.6931471805599453,1
0,0.5681824088096619,0.7891812920570374,0.013630378060042858,1,1,-0.0,0,1,1,-0.0,0,1,1,-0.0,0
0,0.9478341341018677,0.9563832879066467,0.004088348709046841,1,1,-0.0,0,1,1,-0.0,0,2,1,-0.0,0
0,0.9960325360298157,0.8411177396774292,0.07385912537574768,4,1,-0.0,0,4,1,-0.0,0,4,1,-0.0,0
0,0.9808062314987183,0.8878284096717834,0.9033380746841431,1,1,-0.0,0,1,1,-0.0,0,3,1,-0.0,0
0,0.15537309646606445,0.8396835327148438,0.010397243313491344,0,0,0.0,0,0,0,0.0,0,0,0,0.0,0
0,0.1129918321967125,0.8395459055900574,0.21647217869758606,0,0,0.0,0,0,0,0.0,0,0,0,0.0,0
0,0.0910794734954834,0.8276240825653076,0.9977591037750244,0,0,0.0,0,0,0,0.0,0,0,0,0.0,0
0,0.9585868716239929,0.829124391078949,0.001844847109168768,2,1,-0.0,0,2,1,-0.0,0,2,1,-0.0,0
0,0.7444610595703125,0.7373526692390442,0.2380506545305252,1,1,-0.0,0,2,1,-0.0,0,2,1,-0.0,0
1,0.5514814257621765,0.8305360078811646,0.06684809178113937,1,1,-0.0,0,1,1,-0.0,0,2,1,-0.0,0
0,0.48309507966041565,0.7223638892173767,0.046990830451250076,0,0,0.0,0,3,1,-0.0,0,3,1,-0.0,0
1,0.08242897689342499,0.7650070190429688,0.11614986509084702,0,0,0.0,0,0,0,0.0,0,0,0,0.0,0
1,0.38232511281967163,0.8520485162734985,0.9972754120826721,0,0,0.0,0,2,1,-0.0,0,2,1,-0.0,0
0,0.9978850483894348,0.8518881797790527,0.006453774869441986,3,1,-0.0,0,3,1,-0.0,0,5,1,-0.0,0
0,0.7761921286582947,0.7903512120246887,0.11571553349494934,2,1,-0.0,0,2,1,-0.0,0,3,1,-0.0,0
0,0.9956373572349548,0.9189541935920715,0.016176510602235794,1,1,-0.0,0,1,1,-0.0,0,2,1,-0.0,0
0,0.9893982410430908,0.9723777174949646,0.13855057954788208,5,1,-0.0,0,5,1,-0.0,0,7,1,-0.0,0
0,0.10739830136299133,0.8289976716041565,0.9675795435905457,0,0,0.0,0,0,0,0.0,0,0,0,0.0,0
0,0.567636251449585,0.812417209148407,0.3670886754989624,1,1,-0.0,0,1,1,-0.0,0,1,1,-0.0,0
0,0.20411793887615204,0.7718279957771301,0.10583817958831787,0,0,0.0,0,0,0,0.0,0,1,1,-0.0,0
0,0.9936417937278748,0.8530908226966858,0.9658190608024597,2,1,-0.0,0,3,1,-0.0,0,3,1,-0.0,0
0,0.9684204459190369,0.8172200322151184,0.9673839211463928,2,1,-0.0,0,2,1,-0.0,0,3,2,0.6931471805599453,1
0,0.03690206632018089,0.654450535774231,0.9004141092300415,0,0,0.0,0,0,0,0.0,0,0,0,0.0,0
0,0.8325919508934021,0.9526857137680054,0.1111806109547615,1,1,-0.0,0,1,1,-0.0,0,3,1,-0.0,0
0,0.13956034183502197,0.8237360715866089,0.9032942056655884,0,0,0.0,0,0,0,0.0,0,0,0,0.0,0
0,0.028471916913986206,0.8495746850967407,0.3005999028682709,0,0,0.0,0,0,0,0.0,0,0,0,0.0,0
0,0.9970149993896484,0.7556848526000977,0.6418206691741943,4,1,-0.0,0,5,1,-0.0,0,5,1,-0.0,0
0,0.5317931175231934,0.8168703317642212,0.23131082952022552,1,1,-0.0,0,2,1,-0.0,0,4,1,-0.0,0
0,0.9960965514183044,0.7495559453964233,0.6506112217903137,3,2,0.6931471805599453,1,4,2,0.6931471805599453,1,6,3,1.0281838593329258,1
0,0.9712432026863098,0.8188059329986572,0.04694930464029312,3,1,-0.0,0,3,1,-0.0,0,4,1,-0.0,0
0,0.7414273023605347,0.7431120276451111,0.40179339051246643,3,1,-0.0,0,5,1,-0.0,0,6,1,-0.0,0
0,0.09413600713014603,0.7135979533195496,0.07377371191978455,0,0,0.0,0,0,0,0.0,0,0,0,0.0,0
0,0.5514915585517883,0.8290358781814575,0.8528481721878052,3,1,-0.0,0,4,1,-0.0,0,6,1,-0.0,0
0,0.9966995120048523,0.9227578043937683,0.7190403342247009,4,2,0.6615632381579821,1,5,2,0.6730116670092563,1,7,2,0.5982695885852573,1
0,0.9153109788894653,0.7331109642982483,0.1890275925397873,1,1,-0.0,0,2,1,-0.0,0,3,1,-0.0,0
0,0.9243939518928528,0.7575461864471436,0.993513286113739,1,1,-0.0,0,2,1,-0.0,0,2,1,-0.0,0
0,0.5258054137229919,0.749764621257782,0.01544074434787035,1,1,-0.0,0,2,1,-0.0,0,2,1,-0.0,0
0,0.009336675517261028,0.7985876202583313,0.5870116353034973,0,0,0.0,0,0,0,0.0,0,0,0,0.0,0
0,0.939708411693573,0.8151592016220093,0.964796245098114,2,2,0.6931471805599453,1,2,2,0.6931471805599453,1,2,2,0.6931471805599453,1
0,0.7992600202560425,0.7727364897727966,0.987026035785675,1,1,-0.0,0,1,1,-0.0,0,1,1,-0.0,0
0,0.8027370572090149,0.7040117383003235,0.11120878905057907,1,1,-0.0,0,1,1,-0.0,0,1,1,-0.0,0
0,0.9789937734603882,0.7299542427062988,0.10704774409532547,6,1,-0.0,0,7,2,0.6931471805599453,1,7,2,0.6931471805599453,1
0,0.9545634388923645,0.7431176900863647,0.02705857902765274,2,1,-0.0,0,2,1,-0.0,0,2,1,-0.0,0
0,0.9544011950492859,0.8101106286048889,0.1796065866947174,1,1,-0.0,0,1,1,-0.0,0,1,1,-0.0,0
0,0.6793931126594543,0.7075660228729248,0.09725622832775116,1,1,-0.0,0,2,1,-0.0,0,3,1,-0.0,0
0,0.5209495425224304,0.69066321849823,0.9631702303886414,1,1,-0.0,0,2,2,0.6931471805599453,1,4,3,1.0397207708399179,1
0,0.04543080925941467,0.8064028024673462,0.07450424134731293,0,0,0.0,0,0,0,0.0,0,0,0,0.0,0
0,0.9963341951370239,0.8262556791305542,0.9967141151428223,1,1,-0.0,0,1,1,-0.0,0,1,1,-0.0,0
0,0.9638879895210266,0.8733915090560913,0.018596645444631577,4,1,-0.0,0,5,1,-0.0,0,7,1,-0.0,0
0,0.9882197380065918,0.9358339309692383,0.05538822337985039,1,1,-0.0,0,2,1,-0.0,0,3,1,-0.0,0
0,0.9639867544174194,0.8184723258018494,0.7952274084091187,2,1,-0.0,0,3,1,-0.0,0,3,1,-0.0,0
0,0.9855843186378479,0.8879431486129761,0.8718536496162415,2,1,-0.0,0,3,1,-0.0,0,6,1,-0.0,0
0,0.8601738214492798,0.8692986369132996,0.0798582062125206,2,1,-0.0,0,2,1,-0.0,0,2,1,-0.0,0
1,0.12161688506603241,0.864733874797821,0.3817943334579468,0,0,0.0,0,0,0,0.0,0,0,0,0.0,0
0,0.9900134801864624,0.8821351528167725,0.0132987592369318,5,1,-0.0,0,5,1,-0.0,0,8,1,-0.0,0
0,0.9979957342147827,0.765202522277832,0.997245192527771,1,1,-0.0,0,1,1,-0.0,0,1,1,-0.0,0
0,0.9932259917259216,0.9228363037109375,0.5968804955482483,3,1,-0.0,0,5,1,-0.0,0,5,1,-0.0,0
0,0.9931085109710693,0.8714750409126282,0.27503058314323425,1,1,-0.0,0,1,1,-0.0,0,1,1,-0.0,0
0,0.18475645780563354,0.7862296104431152,0.5767709612846375,0,0,0.0,0,0,0,0.0,0,0,0,0.0,0
0,0.9270266890525818,0.8997161388397217,0.05925002694129944,5,2,0.5004024235381879,1,5,2,0.5004024235381879,1,7,1,-0.0,0
0,0.47435879707336426,0.802434504032135,0.019996890798211098,0,0,0.0,0,1,1,-0.0,0,3,1,-0.0,0
0,0.9272012710571289,0.8094218969345093,0.4443809688091278,3,1,-0.0,0,3,1,-0.0,0,5,1,-0.0,0
0,0.8010036945343018,0.7936077117919922,0.2430191934108734,1,1,-0.0,0,1,1,-0.0,0,1,1,-0.0,0
0,0.06084863096475601,0.8368507623672485,0.17862124741077423,0,0,0.0,0,0,0,0.0,0,0,0,0.0,0
0,0.7577760219573975,0.8284724950790405,0.2733432352542877,1,1,-0.0,0,2,2,0.6931471805599453,1,3,2,0.6931471805599453,1
0,0.9202414155006409,0.9083936810493469,0.10429121553897858,1,1,-0.0,0,2,1,-0.0,0,5,2,0.6931471805599453,1
0,0.7731592655181885,0.810489296913147,0.7502645254135132,1,1,-0.0,0,1,1,-0.0,0,2,1,-0.0,0
0,0.9247095584869385,0.90590900182724,0.011418134905397892,1,1,-0.0,0,2,1,-0.0,0,4,1,-0.0,0
0,0.9969635605812073,0.7927201390266418,0.018351882696151733,1,1,-0.0,0,1,1,-0.0,0,2,1,-0.0,0
0,0.9810577630996704,0.7891547679901123,0.04860455170273781,5,1,-0.0,0,7,1,-0.0,0,8,1,-0.0,0
0,0.9609835743904114,0.8392957448959351,0.09280224144458771,1,1,-0.0,0,1,1,-0.0,0,1,1,-0.0,0
0,0.7604900002479553,0.856239378452301,0.23556216061115265,1,1,-0.0,0,2,1,-0.0,0,4,1,-0.0,0
0,0.37784451246261597,0.7414306998252869,0.15372760593891144,0,0,0.0,0,1,1,-0.0,0,1,1,-0.0,0
0,0.12395665794610977,0.8272879719734192,0.6277032494544983,0,0,0.0,0,0,0,0.0,0,0,0,0.0,0
0,0.9056513905525208,0.7497308254241943,0.884925901889801,1,1,-0.0,0,1,1,-0.0,0,2,1,-0.0,0
0,0.896458625793457,0.8883073925971985,0.24170106649398804,1,1,-0.0,0,1,1,-0.0,0,1,1,-0.0,0
0,0.8853923082351685,0.6929132342338562,0.2527287006378174,3,1,-0.0,0,4,1,-0.0,0,4,1,-0.0,0
0,0.9855954647064209,0.7894304990768433,0.09123626351356506,2,1,-0.0,0,2,1,-0.0,0,2,1,-0.0,0
0,0.8748111724853516,0.844336211681366,0.7620685696601868,2,1,-0.0,0,4,1,-0.0,0,7,1,-0.0,0
0,0.9570069313049316,0.8959222435951233,0.41580548882484436,1,1,-0.0,0,1,1,-0.0,0,1,1,-0.0,0
0,0.8611676096916199,0.7428580522537231,0.21230794489383698,1,1,-0.0,0,1,1,-0.0,0,1,1,-0.0,0
0,0.9886903166770935,0.7069099545478821,0.00987507589161396,9,1,-0.0,0,10,1,-0.0,0,10,1,-0.0,0
0,0.9400423765182495,0.6764338612556458,0.0997307226061821,1,1,-0.0,0,1,1,-0.0,0,2,1,-0.0,0
0,0.8756009340286255,0.8604943156242371,0.1056361049413681,1,1,-0.0,0,1,1,-0.0,0,1,1,-0.0,0
0,0.943708598613739,0.862176239490509,0.9525227546691895,7,1,-0.0,0,9,1,-0.0,0,9,1,-0.0,0
0,0.9744161367416382,0.8200024366378784,0.06101150065660477,2,1,-0.0,0,2,1,-0.0,0,5,1,-0.0,0
0,0.37777218222618103,0.8045280575752258,0.5033676624298096,0,0,0.0,0,1,1,-0.0,0,1,1,-0.0,0
1,0.9972696900367737,0.8116577863693237,0.07527247071266174,1,1,-0.0,0,1,1,-0.0,0,1,1,-0.0,0
0,0.04550432413816452,0.7848877310752869,0.7789418697357178,0,0,0.0,0,0,0,0.0,0,0,0,0.0,0
0,0.9631184935569763,0.8541336059570312,0.9789902567863464,5,3,1.0986122886681096,1,7,3,1.0986122886681096,1,9,3,1.0946165043969542,1
0,0.9760007262229919,0.8009338974952698,0.1838013231754303,5,1,-0.0,0,7,1,-0.0,0,8,1,-0.0,0
0,0.5730584859848022,0.8116002678871155,0.3622843325138092,2,1,-0.0,0,2,1,-0.0,0,2,1,-0.0,0
0,0.9478387236595154,0.7413986921310425,0.35079219937324524,1,1,-0.0,0,3,1,-0.0,0,4,1,-0.0,0
0,0.9992080330848694,0.747855007648468,0.9973649382591248,10,3,1.0893096789558299,1,10,3,1.0893096789558299,1,10,3,1.0893096789558299,1
0,0.003680356778204441,0.7360047698020935,0.48907604813575745,0,0,0.0,0,0,0,0.0,0,0,0,0.0,0
0,0.18171246349811554,0.7201604247093201,0.9385051727294922,0,0,0.0,0,0,0,0.0,0,0,0,0.0,0
0,0.9848088622093201,0.8010537028312683,0.9941794872283936,3,1,-0.0,0,3,1,-0.0,0,3,1,-0.0,0
0,0.7726142406463623,0.7422786355018616,0.9783204793930054,2,1,-0.0,0,2,1,-0.0,0,3,1,-0.0,0
0,0.9842048287391663,0.811410129070282,0.9584086537361145,3,1,-0.0,0,4,1,-0.0,0,7,2,0.5982695885852573,1
1,0.03318113088607788,0.6098818182945251,0.9157187938690186,0,0,0.0,0,0,0,0.0,0,0,0,0.0,0
0,0.7896486520767212,0.7613908052444458,0.4734395146369934,1,1,-0.0,0,1,1,-0.0,0,1,1,-0.0,0
0,0.15924660861492157,0.6728453040122986,0.6608149409294128,0,0,0.0,0,0,0,0.0,0,0,0,0.0,0
0,0.9990195035934448,0.7517004013061523,0.9966002106666565,9,3,1.0868238899287483,1,9,3,1.0868238899287483,1,9,3,1.0868238899287483,1
0,0.11630219221115112,0.7804116010665894,0.8664213418960571,0,0,0.0,0,0,0,0.0,0,0,0,0.0,0
0,0.08911679685115814,0.6330177187919617,0.928260862827301,0,0,0.0,0,0,0,0.0,0,0,0,0.0,0
0,0.9951285123825073,0.7162351608276367,0.4424207806587219,1,1,-0.0,0,1,1,-0.0,0,1,1,-0.0,0
0,0.6045485138893127,0.7367237210273743,0.421389102935791,1,1,-0.0,0,2,1,-0.0,0,3,1,-0.0,0
0,0.9759514331817627,0.8246023058891296,0.1344841867685318,6,1,-0.0,0,6,1,-0.0,0,7,1,-0.0,0
0,0.9988119602203369,0.8440809845924377,0.9925664663314819,11,3,0.9347698978582794,1,11,3,0.9347698978582794,1,13,3,1.0735020175624082,1
0,0.9920573830604553,0.7491381168365479,0.04963698983192444,4,1,-0.0,0,5,1,-0.0,0,8,1,-0.0,0
0,0.9828917980194092,0.673251211643219,0.7923610806465149,4,1,-0.0,0,6,1,-0.0,0,8,1,-0.0,0
0,0.8568391799926758,0.8100467920303345,0.5159704685211182,3,1,-0.0,0,3,1,-0.0,0,7,1,-0.0,0
1,0.4216451346874237,0.6019585132598877,0.8566848039627075,0,0,0.0,0,2,1,-0.0,0,2,1,-0.0,0
1,0.2918516993522644,0.6721863746643066,0.917325496673584,0,0,0.0,0,0,0,0.0,0,1,1,-0.0,0
0,0.8482179045677185,0.8634774088859558,0.11164236068725586,1,1,-0.0,0,1,1,-0.0,0,3,1,-0.0,0
0,0.031830884516239166,0.7460603713989258,0.9664293527603149,0,0,0.0,0,0,0,0.0,0,0,0,0.0,0
0,0.7506904602050781,0.7142786979675293,0.1279890388250351,4,2,0.6615632381579821,1,5,2,0.6730116670092563,1,6,2,0.6365141682948128,1
0,0.8621780872344971,0.7800652980804443,0.13091160356998444,2,1,-0.0,0,2,1,-0.0,0,2,1,-0.0,0
1,0.9919549822807312,0.5998820662498474,0.01709536463022232,2,1,-0.0,0,2,1,-0.0,0,3,1,-0.0,0
1,0.02042388916015625,0.7076549530029297,0.3615019619464874,0,0,0.0,0,0,0,0.0,0,0,0,0.0,0
1,0.8584164977073669,0.7591766119003296,0.9140335917472839,1,1,-0.0,0,1,1,-0.0,0,1,1,-0.0,0
0,0.04268224164843559,0.6923883557319641,0.9122042059898376,0,0,0.0,0,0,0,0.0,0,0,0,0.0,0
0,0.24064891040325165,0.5880128145217896,0.9451249837875366,0,0,0.0,0,0,0,0.0,0,1,1,-0.0,0
0,0.9869903922080994,0.8358960151672363,0.9737659692764282,5,1,-0.0,0,6,1,-0.0,0,7,2,0.6829081047004716,1
0,0.936663031578064,0.6412041783332825,0.9968330264091492,3,1,-0.0,0,3,1,-0.0,0,5,1,-0.0,0
0,0.9973627924919128,0.6153568625450134,0.5909394025802612,1,1,-0.0,0,1,1,-0.0,0,2,1,-0.0,0
0,0.9113925099372864,0.8401856422424316,0.536684513092041,2,2,0.6931471805599453,1,2,2,0.6931471805599453,1,2,2,0.6931471805599453,1
0,0.04527328535914421,0.6764858365058899,0.10891815274953842,0,0,0.0,0,0,0,0.0,0,0,0,0.0,0
0,0.9724407196044922,0.873670756816864,0.08656518161296844,2,1,-0.0,0,4,1,-0.0,0,6,1,-0.0,0
0,0.6968098282814026,0.837078332901001,0.6970224380493164,1,1,-0.0,0,1,1,-0.0,0,1,1,-0.0,0
1,0.9977976083755493,0.8525025248527527,0.011155189014971256,6,1,-0.0,0,6,1,-0.0,0,6,1,-0.0,0
0,0.8966711759567261,0.8574962019920349,0.08937675505876541,3,1,-0.0,0,4,1,-0.0,0,5,1,-0.0,0
0,0.8869609832763672,0.8453750014305115,0.196709543466568,7,2,0.6931471805599453,1,8,2,0.6853142072764582,1,8,2,0.6853142072764582,1
0,0.7449989318847656,0.8151515126228333,0.9717195630073547,1,1,-0.0,0,2,1,-0.0,0,2,1,-0.0,0
0,0.9281136989593506,0.7947531938552856,0.10728032141923904,4,1,-0.0,0,5,1,-0.0,0,7,1,-0.0,0
0,0.9977186918258667,0.8124958872795105,0.6585812568664551,10,2,0.6881388137135884,1,10,2,0.6881388137135884,1,11,2,0.6890092384766586,1
0,0.9622721076011658,0.8483630418777466,0.07788271456956863,10,1,-0.0,0,10,1,-0.0,0,11,1,-0.0,0
0,0.9333599209785461,0.8280990123748779,0.2589000165462494,2,1,-0.0,0,3,1,-0.0,0,4,2,0.6931471805599453,1
0,0.8697867393493652,0.8237771987915039,0.9848078489303589,3,1,-0.0,0,3,1,-0.0,0,5,2,0.5004024235381879,1
1,0.042880408465862274,0.6534338593482971,0.015065846964716911,0,0,0.0,0,0,0,0.0,0,0,0,0.0,0
1,0.5635654330253601,0.7918307185173035,0.7720845341682434,1,1,-0.0,0,1,1,-0.0,0,1,1,-0.0,0
0,0.9942741990089417,0.8175190687179565,0.500645101070404,3,1,-0.0,0,4,2,0.6615632381579821,1,7,4,1.376055285260417,1
0,0.871705174446106,0.8410479426383972,0.530197024345398,2,1,-0.0,0,2,1,-0.0,0,2,1,-0.0,0
0,0.6559321880340576,0.7968054413795471,0.6788790225982666,1,1,-0.0,0,1,1,-0.0,0,1,1,-0.0,0
0,0.9792397022247314,0.8823548555374146,0.09120233356952667,2,1,-0.0,0,2,1,-0.0,0,3,1,-0.0,0
0,0.9512914419174194,0.7703202366828918,0.7151921987533569,1,1,-0.0,0,2,1,-0.0,0,3,2,0.6931471805599453,1
0,0.6465107202529907,0.8315768241882324,0.020833449438214302,2,1,-0.0,0,3,1,-0.0,0,3,1,-0.0,0
1,0.09988793730735779,0.6736810803413391,0.008167716674506664,0,0,0.0,0,0,0,0.0,0,0,0,0.0,0
0,0.9988664388656616,0.7622435092926025,0.13896052539348602,5,1,-0.0,0,6,1,-0.0,0,7,1,-0.0,0
0,0.9177334904670715,0.6536846160888672,0.18939416110515594,2,1,-0.0,0,3,1,-0.0,0,4,2,0.5623351446188083,1
1,0.9820371866226196,0.6972893476486206,0.8754094839096069,5,1,-0.0,0,8,1,-0.0,0,9,1,-0.0,0
0,0.24260930716991425,0.7713145017623901,0.9676140546798706,0,0,0.0,0,0,0,0.0,0,1,1,-0.0,0
0,0.9967164397239685,0.7528665065765381,0.9853646159172058,6,3,1.0918384213400607,1,6,3,1.0918384213400607,1,6,3,1.0918384213400607,1
0,0.9718208312988281,0.9371373653411865,0.3534086346626282,1,1,-0.0,0,1,1,-0.0,0,3,1,-0.0,0
0,0.9950478076934814,0.8846200108528137,0.7490720152854919,7,1,-0.0,0,8,1,-0.0,0,11,1,-0.0,0
1,0.9829670190811157,0.7638793587684631,0.0067459587007761,5,1,-0.0,0,5,1,-0.0,0,8,1,-0.0,0
0,0.995314359664917,0.899050772190094,0.9556289315223694,7,2,0.6517565611726531,1,7,2,0.6517565611726531,1,10,3,1.080527626604172,1
0,0.9983370304107666,0.7832363247871399,0.7119108438491821,10,1,-0.0,0,11,1,-0.0,0,12,1,-0.0,0
0,0.2051815688610077,0.7723662853240967,0.9064271450042725,0,0,0.0,0,0,0,0.0,0,1,1,-0.0,0
0,0.8232396841049194,0.6890288591384888,0.891600489616394,5,1,-0.0,0,7,1,-0.0,0,8,1,-0.0,0
1,0.9491017460823059,0.6853781342506409,0.7548292875289917,7,1,-0.0,0,9,1,-0.0,0,10,1,-0.0,0
0,0.9709948301315308,0.7308446764945984,0.09932304918766022,5,2,0.6730116670092563,1,7,3,1.0986122886681096,1,7,3,1.0986122886681096,1
0,0.9969456791877747,0.7218300700187683,0.8470271825790405,1,1,-0.0,0,2,1,-0.0,0,4,1,-0.0,0
0,0.9677984714508057,0.7403653264045715,0.9748090505599976,2,1,-0.0,0,2,1,-0.0,0,4,1,-0.0,0
0,0.9676976203918457,0.6967530250549316,0.9518473744392395,3,1,-0.0,0,3,1,-0.0,0,4,1,-0.0,0
0,0.9754643440246582,0.6126724481582642,0.7650468349456787,1,1,-0.0,0,2,1,-0.0,0,2,1,-0.0,0
0,0.9982681274414062,0.8526157140731812,0.035611823201179504,6,1,-0.0,0,7,1,-0.0,0,8,1,-0.0,0
0,0.9963392019271851,0.6584351658821106,0.33730432391166687,4,1,-0.0,0,4,1,-0.0,0,6,2,0.6791932659915257,1
0,0.974075198173523,0.7141258120536804,0.9011051654815674,3,2,0.6365141682948128,1,6,3,1.091448543346654,1,7,3,1.0936195504301194,1
1,0.1443370282649994,0.6245829463005066,0.23794010281562805,0,0,0.0,0,0,0,0.0,0,0,0,0.0,0
0,0.9545722603797913,0.8308092951774597,0.18400682508945465,1,1,-0.0,0,2,1,-0.0,0,4,4,1.3862943611198906,1
0,0.9617521166801453,0.635823130607605,0.04822169989347458,2,1,-0.0,0,2,1,-0.0,0,2,1,-0.0,0
0,0.9585984945297241,0.7417598962783813,0.8409548401832581,5,2,0.6730116670092563,1,6,3,1.0918384213400607,1,6,3,1.0918384213400607,1
0,0.9763936400413513,0.6910544633865356,0.6302732825279236,5,2,0.6108643020548934,1,5,2,0.6108643020548934,1,7,2,0.410116318288409,1
1,0.9900745749473572,0.755556046962738,0.802528440952301,1,1,-0.0,0,1,1,-0.0,0,1,1,-0.0,0
1,0.018992839381098747,0.7607057690620422,0.864019513130188,0,0,0.0,0,0,0,0.0,0,0,0,0.0,0
0,0.3876371383666992,0.742358922958374,0.870956301689148,0,0,0.0,0,1,1,-0.0,0,2,1,-0.0,0
0,0.32028520107269287,0.683534562587738,0.07658379524946213,0,0,0.0,0,0,0,0.0,0,2,1,-0.0,0
1,0.0033259978517889977,0.8345606923103333,0.29312020540237427,0,0,0.0,0,0,0,0.0,0,0,0,0.0,0
0,0.9918568134307861,0.8322526812553406,0.012825687415897846,10,1,-0.0,0,10,1,-0.0,0,11,1,-0.0,0
0,0.26878589391708374,0.8182368278503418,0.9540355205535889,0,0,0.0,0,0,0,0.0,0,1,1,-0.0,0
0,0.992624044418335,0.962691605091095,0.02940426953136921,1,1,-0.0,0,2,1,-0.0,0,2,1,-0.0,0
0,0.7362939119338989,0.7773686051368713,0.9383031129837036,1,1,-0.0,0,5,2,0.6931471805599453,1,6,1,-0.0,0
0,0.9882591962814331,0.9632323384284973,0.47956305742263794,4,1,-0.0,0,5,1,-0.0,0,5,1,-0.0,0
0,0.9471218585968018,0.7329054474830627,0.08291549235582352,6,1,-0.0,0,8,1,-0.0,0,8,1,-0.0,0
0,0.9720100164413452,0.8712608814239502,0.034913480281829834,4,1,-0.0,0,4,1,-0.0,0,5,1,-0.0,0
0,0.9937321543693542,0.8943774700164795,0.12259791791439056,3,1,-0.0,0,4,2,0.6615632381579821,1,4,2,0.6615632381579821,1
0,0.8843992352485657,0.8912116289138794,0.4408733546733856,1,1,-0.0,0,1,1,-0.0,0,1,1,-0.0,0
0,0.9930626749992371,0.913893461227417,0.5518253445625305,2,1,-0.0,0,2,1,-0.0,0,5,2,0.6931471805599453,1
0,0.9961622953414917,0.8627740144729614,0.28247174620628357,2,1,-0.0,0,3,1,-0.0,0,5,2,0.6931471805599453,1
0,0.9937826991081238,0.9148156046867371,0.14792343974113464,1,1,-0.0,0,2,1,-0.0,0,5,1,-0.0,0
1,0.5389235019683838,0.8392651081085205,0.01259952038526535,1,1,-0.0,0,1,1,-0.0,0,1,1,-0.0,0
0,0.7980691194534302,0.7489060759544373,0.8835485577583313,1,1,-0.0,0,1,1,-0.0,0,2,1,-0.0,0
0,0.9891951084136963,0.7418017983436584,0.9112301468849182,3,1,-0.0,0,3,1,-0.0,0,4,1,-0.0,0
0,0.9928146600723267,0.7860326766967773,0.4163157641887665,1,1,-0.0,0,1,1,-0.0,0,2,1,-0.0,0
0,0.06558521091938019,0.7172471880912781,0.024358494207262993,0,0,0.0,0,0,0,0.0,0,0,0,0.0,0
0,0.12430553138256073,0.6704144477844238,0.9987034797668457,0,0,0.0,0,0,0,0.0,0,0,0,0.0,0
0,0.03750024735927582,0.7914294600486755,0.5539037585258484,0,0,0.0,0,0,0,0.0,0,0,0,0.0,0
0,0.5582113265991211,0.8543083071708679,0.9404866099357605,1,1,-0.0,0,1,1,-0.0,0,1,1,-0.0,0
0,0.9835298657417297,0.8022119998931885,0.4170647859573364,2,1,-0.0,0,2,1,-0.0,0,3,1,-0.0,0
0,0.6966391205787659,0.86501145362854,0.9358152747154236,3,1,-0.0,0,4,1,-0.0,0,5,1,-0.0,0
0,0.048303164541721344,0.8039429187774658,0.3648255169391632,0,0,0.0,0,0,0,0.0,0,0,0,0.0,0
0,0.9729434847831726,0.7685792446136475,0.9502171277999878,2,1,-0.0,0,3,1,-0.0,0,3,1,-0.0,0
1,0.9385651350021362,0.7752847075462341,0.7017046213150024,2,1,-0.0,0,3,1,-0.0,0,5,1,-0.0,0
0,0.9863388538360596,0.6837992668151855,0.9911556243896484,4,1,-0.0,0,6,1,-0.0,0,6,1,-0.0,0
0,0.8057391047477722,0.8898937702178955,0.00809083878993988,1,1,-0.0,0,1,1,-0.0,0,3,1,-0.0,0
0,0.25941815972328186,0.7324915528297424,0.9121384620666504,0,0,0.0,0,0,0,0.0,0,1,1,-0.0,0
0,0.052452873438596725,0.8000568747520447,0.9958771467208862,0,0,0.0,0,0,0,0.0,0,0,0,0.0,0
0,0.7869095206260681,0.7786058783531189,0.14496073126792908,1,1,-0.0,0,1,1,-0.0,0,1,1,-0.0,0
0,0.39885833859443665,0.8735107183456421,0.8044762015342712,0,0,0.0,0,1,1,-0.0,0,3,2,0.6931471805599453,1
0,0.2340989112854004,0.8196654319763184,0.7347962856292725,0,0,0.0,0,0,0,0.0,0,1,1,-0.0,0
1,0.9900348782539368,0.7875768542289734,0.2181667536497116,5,2,0.6108643020548934,1,6,2,0.5623351446188083,1,7,2,0.5195798391305154,1
1,0.9397056698799133,0.7798653244972229,0.8254221677780151,1,1,-0.0,0,3,1,-0.0,0,6,2,0.6791932659915256,1
0,0.998845100402832,0.8443284630775452,0.3404790759086609,7,2,0.5195798391305154,1,7,2,0.5195798391305154,1,8,2,0.5623351446188083,1
1,0.028358718380331993,0.5740283131599426,0.10335170477628708,0,0,0.0,0,0,0,0.0,0,0,0,0.0,0
0,0.015547230839729309,0.766831636428833,0.38089606165885925,0,0,0.0,0,0,0,0.0,0,0,0,0.0,0
0,0.9867030382156372,0.75215744972229,0.11899333447217941,1,1,-0.0,0,2,2,0.6931471805599453,1,2,2,0.6931471805599453,1
0,0.9717126488685608,0.8216492533683777,0.7388653755187988,3,2,0.6365141682948128,1,3,2,0.6365141682948128,1,3,2,0.6365141682948128,1
0,0.019750896841287613,0.7345787882804871,0.2673763036727905,0,0,0.0,0,0,0,0.0,0,0,0,0.0,0
0,0.565453827381134,0.7058950662612915,0.1057891845703125,2,2,0.6931471805599453,1,3,2,0.6931471805599453,1,4,2,0.6931471805599453,1
1,0.35510513186454773,0.746240496635437,0.556509792804718,0,0,0.0,0,1,1,-0.0,0,1,1,-0.0,0
0,0.7574041485786438,0.7450230717658997,0.7506110668182373,1,1,-0.0,0,2,1,-0.0,0,2,1,-0.0,0
0,0.9962330460548401,0.8743256330490112,0.806175947189331,3,2,0.6931471805599453,1,3,2,0.6931471805599453,1,3,2,0.6931471805599453,1
0,0.9627699851989746,0.814596951007843,0.8031153678894043,1,1,-0.0,0,1,1,-0.0,0,1,1,-0.0,0
0,0.9969251751899719,0.8204374313354492,0.9126378893852234,2,1,-0.0,0,2,1,-0.0,0,3,1,-0.0,0
0,0.9982722997665405,0.9748753309249878,0.9980860948562622,2,1,-0.0,0,3,1,-0.0,0,3,1,-0.0,0
0,0.9511438012123108,0.7511197924613953,0.8135773539543152,5,1,-0.0,0,7,1,-0.0,0,7,1,-0.0,0
0,0.9993237257003784,0.7803593873977661,0.9806580543518066,2,1,-0.0,0,2,1,-0.0,0,3,2,0.6931471805599453,1
0,0.48730772733688354,0.7851385474205017,0.9686406254768372,0,0,0.0,0,2,1,-0.0,0,4,2,0.6931471805599453,1
0,0.5448519587516785,0.7848096489906311,0.9155290126800537,1,1,-0.0,0,1,1,-0.0,0,2,1,-0.0,0
0,0.17071284353733063,0.6398941874504089,0.9914011359214783,0,0,0.0,0,0,0,0.0,0,0,0,0.0,0
0,0.9985780715942383,0.9619433283805847,0.9516900181770325,4,1,-0.0,0,4,1,-0.0,0,4,1,-0.0,0
0,0.9990423321723938,0.9792991280555725,0.06060485914349556,11,4,1.3842844547581064,1,12,4,1.3862943611198906,1,13,4,1.3848875668233926,1
0,0.9831030368804932,0.8703138828277588,0.7224030494689941,6,1,-0.0,0,7,1,-0.0,0,8,2,0.6931471805599453,1
0,0.9624426960945129,0.8598313331604004,0.9775434136390686,6,1,-0.0,0,6,1,-0.0,0,7,2,0.5982695885852573,1
0,0.9974633455276489,0.8436089754104614,0.9571210741996765,3,1,-0.0,0,5,2,0.6931471805599453,1,8,2,0.6853142072764582,1
0,0.32231107354164124,0.7462922930717468,0.8779318332672119,0,0,0.0,0,0,0,0.0,0,1,1,-0.0,0
0,0.3370644152164459,0.8986706733703613,0.20314668118953705,0,0,0.0,0,0,0,0.0,0,1,1,-0.0,0
0,0.4676426351070404,0.7867811322212219,0.19658052921295166,0,0,0.0,0,1,1,-0.0,0,1,1,-0.0,0
0,0.9968461394309998,0.9433099627494812,0.5334487557411194,1,1,-0.0,0,1,1,-0.0,0,1,1,-0.0,0
0,0.9842236638069153,0.8583310842514038,0.9989824891090393,3,1,-0.0,0,3,1,-0.0,0,3,1,-0.0,0
0,0.06856320053339005,0.6490383744239807,0.282942533493042,0,0,0.0,0,0,0,0.0,0,0,0,0.0,0
0,0.9901843070983887,0.5523802042007446,0.1301078051328659,5,3,1.0882231038287273,1,5,3,1.0882231038287273,1,5,3,1.0882231038287273,1
1,0.15072335302829742,0.6215815544128418,0.4437548518180847,0,0,0.0,0,0,0,0.0,0,0,0,0.0,0
0,0.9668111801147461,0.7540295124053955,0.26902541518211365,1,1,-0.0,0,1,1,-0.0,0,2,1,-0.0,0
0,0.9195165634155273,0.8303765654563904,0.7412781119346619,5,1,-0.0,0,5,1,-0.0,0,6,1,-0.0,0
0,0.6999163627624512,0.7277742624282837,0.9617169499397278,3,2,0.6931471805599453,1,3,2,0.6931471805599453,1,3,2,0.6931471805599453,1
0,0.9906846284866333,0.7873530387878418,0.866286039352417,1,1,-0.0,0,2,1,-0.0,0,2,1,-0.0,0
0,0.9976175427436829,0.9425773620605469,0.9588122367858887,1,1,-0.0,0,1,1,-0.0,0,1,1,-0.0,0
0,0.801976203918457,0.8672724366188049,0.9749318361282349,2,2,0.6931471805599453,1,3,2,0.6365141682948128,1,4,2,0.6931471805599453,1
0,0.2547736167907715,0.6709959506988525,0.9512664079666138,0,0,0.0,0,0,0,0.0,0,1,1,-0.0,0
0,0.9490607976913452,0.6706106066703796,0.9077293276786804,2,1,-0.0,0,3,1,-0.0,0,4,1,-0.0,0
0,0.4728413224220276,0.9237319827079773,0.8930284380912781,0,0,0.0,0,1,1,-0.0,0,1,1,-0.0,0
1,0.5669316649436951,0.529239296913147,0.24539025127887726,1,1,-0.0,0,2,1,-0.0,0,3,1,-0.0,0
0,0.35228487849235535,0.6260831952095032,0.8542537689208984,0,0,0.0,0,1,1,-0.0,0,4,1,-0.0,0
0,0.9907621741294861,0.6742205619812012,0.7100978493690491,4,1,-0.0,0,5,1,-0.0,0,7,2,0.6931471805599453,1
0,0.9784868359565735,0.7674717307090759,0.9793478846549988,6,2,0.6365141682948128,1,7,2,0.6517565611726531,1,9,2,0.6365141682948128,1
0,0.998172402381897,0.8206386566162109,0.9114007353782654,7,2,0.6517565611726531,1,7,2,0.6517565611726531,1,8,2,0.6615632381579821,1
0,0.9889723658561707,0.7896948456764221,0.07416757941246033,1,1,-0.0,0,1,1,-0.0,0,3,1,-0.0,0
0,0.9976441264152527,0.8036003708839417,0.019466111436486244,1,1,-0.0,0,1,1,-0.0,0,2,1,-0.0,0
0,0.371569961309433,0.7362035512924194,0.9336113333702087,0,0,0.0,0,1,1,-0.0,0,3,2,0.6365141682948128,1
0,0.9841969609260559,0.8427659869194031,0.9765508770942688,2,1,-0.0,0,2,1,-0.0,0,2,1,-0.0,0
0,0.9561148285865784,0.8023567795753479,0.5062384605407715,3,1,-0.0,0,3,1,-0.0,0,5,1,-0.0,0
1,0.9596394896507263,0.7222415208816528,0.6582131385803223,5,2,0.6931471805599453,1,6,4,1.3862943611198906,1,6,4,1.3862943611198906,1
0,0.9958872199058533,0.7808107137680054,0.00859502051025629,7,1,-0.0,0,8,1,-0.0,0,10,1,-0.0,0
0,0.8946869373321533,0.6950710415840149,0.18825988471508026,6,1,-0.0,0,7,1,-0.0,0,8,2,0.6931471805599453,1
0,0.9717934131622314,0.7663611769676208,0.05401663854718208,4,1,-0.0,0,5,1,-0.0,0,5,1,-0.0,0
0,0.5878094434738159,0.7528361082077026,0.9936442375183105,1,1,-0.0,0,2,1,-0.0,0,3,1,-0.0,0
0,0.8765650987625122,0.830365777015686,0.25254353880882263,1,1,-0.0,0,2,1,-0.0,0,3,1,-0.0,0
0,0.9701589941978455,0.7541360855102539,0.21944792568683624,4,1,-0.0,0,8,1,-0.0,0,9,1,-0.0,0
1,0.8954794406890869,0.6795850992202759,0.2554863691329956,3,1,-0.0,0,4,1,-0.0,0,5,1,-0.0,0
0,0.6993346810340881,0.7562047839164734,0.09691278636455536,2,1,-0.0,0,5,1,-0.0,0,5,1,-0.0,0
0,0.6689333915710449,0.8253850340843201,0.030588796362280846,1,1,-0.0,0,1,1,-0.0,0,2,1,-0.0,0
0,0.7405080795288086,0.7151243686676025,0.6587417125701904,1,1,-0.0,0,2,1,-0.0,0,5,3,1.0882231038287276,1
0,0.140620157122612,0.8135637044906616,0.04241759330034256,0,0,0.0,0,0,0,0.0,0,0,0,0.0,0
0,0.041418056935071945,0.7093614935874939,0.04751971736550331,0,0,0.0,0,0,0,0.0,0,0,0,0.0,0
0,0.5172353982925415,0.8857852816581726,0.03999989479780197,1,1,-0.0,0,2,1,-0.0,0,2,1,-0.0,0
1,0.009484450332820415,0.689429759979248,0.9893675446510315,0,0,0.0,0,0,0,0.0,0,0,0,0.0,0
0,0.10070781409740448,0.7765790820121765,0.4214157462120056,0,0,0.0,0,0,0,0.0,0,0,0,0.0,0
0,0.7206907272338867,0.7706098556518555,0.07811535149812698,1,1,-0.0,0,1,1,-0.0,0,1,1,-0.0,0
0,0.007794496137648821,0.7547849416732788,0.12742887437343597,0,0,0.0,0,0,0,0.0,0,0,0,0.0,0
0,0.032090723514556885,0.7021181583404541,0.9319588541984558,0,0,0.0,0,0,0,0.0,0,0,0,0.0,0
0,0.0973961129784584,0.7511638402938843,0.9924995303153992,0,0,0.0,0,0,0,0.0,0,0,0,0.0,0
0,0.8766230940818787,0.7714839577674866,0.03530269116163254,1,1,-0.0,0,1,1,-0.0,0,4,1,-0.0,0
0,0.47925543785095215,0.7877066135406494,0.03087565116584301,0,0,0.0,0,2,1,-0.0,0,3,1,-0.0,0
0,0.0992739126086235,0.7924506068229675,0.12802214920520782,0,0,0.0,0,0,0,0.0,0,0,0,0.0,0
0,0.055627357214689255,0.8699837923049927,0.9087095856666565,0,0,0.0,0,0,0,0.0,0,0,0,0.0,0
0,0.004612691700458527,0.7134975790977478,0.9158191680908203,0,0,0.0,0,0,0,0.0,0,0,0,0.0,0
0,0.4033328592777252,0.8830124735832214,0.1384863406419754,0,0,0.0,0,1,1,-0.0,0,3,1,-0.0,0
0,0.4078574478626251,0.7556173205375671,0.09143828600645065,0,0,0.0,0,2,1,-0.0,0,2,1,-0.0,0
1,0.7840524911880493,0.7792152166366577,0.16487908363342285,2,1,-0.0,0,2,1,-0.0,0,2,1,-0.0,0
1,0.9909905195236206,0.9063746333122253,0.37396883964538574,2,1,-0.0,0,2,1,-0.0,0,3,1,-0.0,0
1,0.9656612873077393,0.9309285283088684,0.4223248064517975,12,5,1.6069422377855431,1,12,5,1.6069422377855431,1,12,5,1.6069422377855431,1
1,0.9408785700798035,0.8900787830352783,0.08731693774461746,3,1,-0.0,0,4,1,-0.0,0,4,1,-0.0,0
0,0.8926207423210144,0.7611105442047119,0.9892645478248596,1,1,-0.0,0,2,1,-0.0,0,2,1,-0.0,0
1,0.9912324547767639,0.8543370366096497,0.3583381175994873,2,2,0.6931471805599453,1,2,2,0.6931471805599453,1,3,2,0.6365141682948128,1
1,0.9564770460128784,0.7591069340705872,0.15657702088356018,10,1,-0.0,0,11,2,0.6765259604934999,1,12,2,0.6791932659915256,1
0,0.9776089191436768,0.6483275890350342,0.9094577431678772,2,1,-0.0,0,2,1,-0.0,0,3,1,-0.0,0
0,0.9901600480079651,0.8214373588562012,0.6664330959320068,4,1,-0.0,0,6,1,-0.0,0,8,1,-0.0,0
0,0.9913014769554138,0.7327092885971069,0.2233249694108963,2,1,-0.0,0,2,1,-0.0,0,2,1,-0.0,0
0,0.9940558671951294,0.77909255027771,0.7658305168151855,3,1,-0.0,0,5,2,0.5004024235381879,1,7,2,0.5195798391305154,1
0,0.8062718510627747,0.7110985517501831,0.8761779069900513,1,1,-0.0,0,1,1,-0.0,0,1,1,-0.0,0
0,0.9976578950881958,0.8411460518836975,0.3043515384197235,7,2,0.6829081047004716,1,7,2,0.6829081047004716,1,8,2,0.6853142072764582,1
0,0.9974887371063232,0.8035299181938171,0.009459087625145912,13,4,1.3833328565787495,1,13,4,1.3833328565787495,1,13,4,1.3833328565787495,1
0,0.9895800948143005,0.7305073142051697,0.9560131430625916,3,2,0.6931471805599453,1,3,2,0.6931471805599453,1,3,2,0.6931471805599453,1
0,0.7243548035621643,0.7711673974990845,0.9921619296073914,2,1,-0.0,0,3,1,-0.0,0,6,1,-0.0,0
0,0.9943673014640808,0.7703051567077637,0.8431645035743713,6,1,-0.0,0,7,1,-0.0,0,8,1,-0.0,0
0,0.35554182529449463,0.6564481258392334,0.7972782254219055,0,0,0.0,0,1,1,-0.0,0,2,1,-0.0,0
0,0.9825923442840576,0.8350061774253845,0.10382344573736191,4,1,-0.0,0,7,1,-0.0,0,8,1,-0.0,0
0,0.9850631952285767,0.7610959410667419,0.4671145975589752,9,3,0.9649629230074277,1,9,3,0.9649629230074277,1,9,3,0.9649629230074277,1
0,0.56525057554245,0.8988595604896545,0.93428635597229,1,1,-0.0,0,1,1,-0.0,0,2,1,-0.0,0
0,0.1738503873348236,0.7789692878723145,0.9947881698608398,0,0,0.0,0,0,0,0.0,0,0,0,0.0,0
0,0.9959119558334351,0.803184986114502,0.08175644278526306,6,2,0.6931471805599453,1,7,2,0.6931471805599453,1,8,2,0.6931471805599453,1
0,0.9978809952735901,0.7820512652397156,0.8835762739181519,4,2,0.6931471805599453,1,4,2,0.6931471805599453,1,4,2,0.6931471805599453,1
0,0.9963556528091431,0.567736029624939,0.026923181489109993,2,1,-0.0,0,4,1,-0.0,0,4,1,-0.0,0
0,0.07656452804803848,0.8631879687309265,0.23502470552921295,0,0,0.0,0,0,0,0.0,0,0,0,0.0,0
1,0.69266676902771,0.8024059534072876,0.059641797095537186,2,1,-0.0,0,3,1,-0.0,0,3,1,-0.0,0
0,0.8947787284851074,0.7889087200164795,0.9037836194038391,1,1,-0.0,0,1,1,-0.0,0,1,1,-0.0,0
1,0.9981460571289062,0.8152427077293396,0.907615602016449,2,1,-0.0,0,2,1,-0.0,0,2,1,-0.0,0
1,0.38633546233177185,0.7715569138526917,0.45310214161872864,0,0,0.0,0,1,1,-0.0,0,2,1,-0.0,0
0,0.9414311051368713,0.7674099206924438,0.3805610239505768,6,1,-0.0,0,9,2,0.6931471805599453,1,11,2,0.6890092384766585,1
0,0.9630499482154846,0.7626258134841919,0.31422626972198486,2,1,-0.0,0,3,1,-0.0,0,3,1,-0.0,0
1,0.669991135597229,0.7485317587852478,0.5632582306861877,1,1,-0.0,0,2,1,-0.0,0,2,1,-0.0,0
1,0.9689624309539795,0.7672606706619263,0.9511113166809082,1,1,-0.0,0,2,1,-0.0,0,2,1,-0.0,0
0,0.8259031176567078,0.8475445508956909,0.4327766001224518,7,2,0.6931471805599453,1,7,2,0.6931471805599453,1,7,2,0.6931471805599453,1
0,0.8181781768798828,0.7593322992324829,0.8704888820648193,1,1,-0.0,0,1,1,-0.0,0,1,1,-0.0,0
0,0.11045179516077042,0.86490797996521,0.10321603715419769,0,0,0.0,0,0,0,0.0,0,0,0,0.0,0
0,0.9978591799736023,0.7589669227600098,0.4188935458660126,4,2,0.5623351446188083,1,4,2,0.5623351446188083,1,6,2,0.5623351446188083,1
1,0.8592706918716431,0.8321378827095032,0.17455673217773438,3,1,-0.0,0,6,1,-0.0,0,7,2,0.6931471805599453,1
0,0.12127888202667236,0.816236674785614,0.9943541288375854,0,0,0.0,0,0,0,0.0,0,0,0,0.0,0
0,0.9083791375160217,0.7291194200515747,0.17649419605731964,1,1,-0.0,0,2,1,-0.0,0,3,1,-0.0,0
0,0.9981385469436646,0.8205646276473999,0.31269487738609314,2,1,-0.0,0,2,1,-0.0,0,2,1,-0.0,0
0,0.15749040246009827,0.82787024974823,0.3366990089416504,0,0,0.0,0,0,0,0.0,0,0,0,0.0,0
1,0.9865256547927856,0.8793308734893799,0.5380391478538513,2,2,0.6931471805599453,1,2,2,0.6931471805599453,1,3,2,0.6931471805599453,1
0,0.9663842916488647,0.7746307253837585,0.007690946105867624,9,2,0.6931471805599453,1,10,2,0.6931471805599453,1,10,2,0.6931471805599453,1
1,0.9981440305709839,0.8181322813034058,0.07075078785419464,5,1,-0.0,0,6,1,-0.0,0,7,1,-0.0,0
0,0.9684904217720032,0.8705991506576538,0.10343164205551147,4,1,-0.0,0,4,1,-0.0,0,5,1,-0.0,0
0,0.9562423229217529,0.8885923027992249,0.0450081005692482,11,1,-0.0,0,11,1,-0.0,0,12,2,0.6931471805599453,1
0,0.4253869354724884,0.8476816415786743,0.007145495153963566,0,0,0.0,0,1,1,-0.0,0,1,1,-0.0,0
0,0.16100074350833893,0.7729641199111938,0.02895071543753147,0,0,0.0,0,0,0,0.0,0,0,0,0.0,0
0,0.9957233667373657,0.8730823397636414,0.8748214840888977,12,1,-0.0,0,12,1,-0.0,0,12,1,-0.0,0
0,0.9936920404434204,0.6175403594970703,0.42321714758872986,13,2,0.666278442414676,1,14,2,0.6700089798274271,1,14,2,0.6700089798274271,1
0,0.5622102618217468,0.7247112989425659,0.48219266533851624,3,1,-0.0,0,5,1,-0.0,0,6,1,-0.0,0
0,0.9779476523399353,0.840602457523346,0.7178819179534912,12,5,1.5998442300997342,1,13,5,1.6012694713502833,1,14,5,1.5985164172787074,1
0,0.9571534991264343,0.7211247086524963,0.8395854234695435,1,1,-0.0,0,1,1,-0.0,0,2,1,-0.0,0
0,0.9964343309402466,0.7927667498588562,0.9759825468063354,1,1,-0.0,0,1,1,-0.0,0,1,1,-0.0,0
0,0.9649905562400818,0.747129499912262,0.26350635290145874,5,1,-0.0,0,6,1,-0.0,0,6,1,-0.0,0
1,0.3747153580188751,0.6288508176803589,0.8670300841331482,0,0,0.0,0,1,1,-0.0,0,2,1,-0.0,0
0,0.9986957907676697,0.7853007912635803,0.1419767439365387,5,1,-0.0,0,7,1,-0.0,0,8,1,-0.0,0
0,0.9349114298820496,0.7435951828956604,0.025721466168761253,5,1,-0.0,0,5,1,-0.0,0,8,1,-0.0,0
0,0.9976754784584045,0.7152658700942993,0.7502421140670776,4,1,-0.0,0,5,1,-0.0,0,6,1,-0.0,0
0,0.3772052526473999,0.555302083492279,0.9297162294387817,0,0,0.0,0,1,1,-0.0,0,1,1,-0.0,0
0,0.9850239753723145,0.6372962594032288,0.9995865225791931,3,1,-0.0,0,3,1,-0.0,0,3,1,-0.0,0
0,0.9933064579963684,0.784548282623291,0.2107805758714676,2,1,-0.0,0,3,1,-0.0,0,4,1,-0.0,0
0,0.992457389831543,0.7063862085342407,0.543998122215271,6,1,-0.0,0,6,1,-0.0,0,8,1,-0.0,0
0,0.898079514503479,0.7714892625808716,0.02902689203619957,2,1,-0.0,0,2,1,-0.0,0,2,1,-0.0,0
1,0.9518507122993469,0.8706470131874084,0.035371508449316025,1,1,-0.0,0,2,1,-0.0,0,3,1,-0.0,0
0,0.5361031293869019,0.5448104739189148,0.9803020358085632,1,1,-0.0,0,4,1,-0.0,0,4,1,-0.0,0
0,0.9273475408554077,0.8472661375999451,0.5406153202056885,2,1,-0.0,0,3,1,-0.0,0,6,2,0.6791932659915256,1
0,0.7264715433120728,0.9239287972450256,0.7414191961288452,1,1,-0.0,0,1,1,-0.0,0,1,1,-0.0,0
0,0.9979220032691956,0.5988014936447144,0.9518083930015564,2,1,-0.0,0,2,1,-0.0,0,4,1,-0.0,0
0,0.9708622694015503,0.7146859169006348,0.21959395706653595,1,1,-0.0,0,1,1,-0.0,0,2,1,-0.0,0
0,0.9866357445716858,0.7883915901184082,0.7637568712234497,3,1,-0.0,0,3,1,-0.0,0,5,1,-0.0,0
0,0.8830691576004028,0.7090879678726196,0.14399133622646332,2,1,-0.0,0,2,1,-0.0,0,3,1,-0.0,0
0,0.9981124401092529,0.8112438321113586,0.17168110609054565,2,1,-0.0,0,3,1,-0.0,0,3,1,-0.0,0
0,0.47535887360572815,0.6877981424331665,0.5055999755859375,0,0,0.0,0,1,1,-0.0,0,1,1,-0.0,0
0,0.9216672778129578,0.7809106111526489,0.0974271222949028,3,1,-0.0,0,4,1,-0.0,0,4,1,-0.0,0
0,0.47883063554763794,0.8155636787414551,0.5599432587623596,0,0,0.0,0,1,1,-0.0,0,2,1,-0.0,0
0,0.9139257073402405,0.6932860612869263,0.29501956701278687,3,1,-0.0,0,4,2,0.6931471805599453,1,4,2,0.6931471805599453,1
0,0.9545614719390869,0.6324396729469299,0.967509925365448,1,1,-0.0,0,1,1,-0.0,0,3,2,0.6931471805599453,1
0,0.017115984112024307,0.7653392553329468,0.8699285387992859,0,0,0.0,0,0,0,0.0,0,0,0,0.0,0
0,0.9993663430213928,0.7463412284851074,0.17907775938510895,7,2,0.6931471805599453,1,7,2,0.6931471805599453,1,7,2,0.6931471805599453,1
0,0.8646640181541443,0.7469272017478943,0.7113681435585022,2,1,-0.0,0,2,1,-0.0,0,4,1,-0.0,0
0,0.9886429905891418,0.7635539174079895,0.17044183611869812,7,2,0.6931471805599452,1,8,2,0.6931471805599453,1,8,2,0.6931471805599453,1
0,0.9920474290847778,0.7112088799476624,0.9853810667991638,8,3,0.9743147528693494,1,8,3,0.9743147528693494,1,10,3,0.9433483923290393,1
0,0.9630315899848938,0.6532579660415649,0.9727282524108887,6,2,0.4505612088663047,1,8,2,0.48257756517701206,1,8,2,0.48257756517701206,1
0,0.9977810978889465,0.7667470574378967,0.48569172620773315,4,1,-0.0,0,5,2,0.6931471805599453,1,6,2,0.6791932659915256,1
0,0.8747270703315735,0.8761662244796753,0.8939183950424194,2,1,-0.0,0,2,1,-0.0,0,2,1,-0.0,0
0,0.011594634503126144,0.9002788066864014,0.9940673112869263,0,0,0.0,0,0,0,0.0,0,0,0,0.0,0
0,0.20873357355594635,0.6542801260948181,0.9897770285606384,0,0,0.0,0,0,0,0.0,0,1,1,-0.0,0
1,0.9199802279472351,0.7118849754333496,0.660078227519989,2,1,-0.0,0,2,1,-0.0,0,4,2,0.6615632381579821,1
0,0.6222189664840698,0.8403428792953491,0.7334195375442505,2,1,-0.0,0,4,1,-0.0,0,4,1,-0.0,0
0,0.9943302869796753,0.8070752024650574,0.08517149090766907,8,1,-0.0,0,9,1,-0.0,0,9,1,-0.0,0
0,0.11078960448503494,0.7075079083442688,0.1301209032535553,0,0,0.0,0,0,0,0.0,0,0,0,0.0,0
0,0.9783377051353455,0.8843712210655212,0.20601972937583923,8,1,-0.0,0,8,1,-0.0,0,11,2,0.6890092384766585,1
1,0.9372869729995728,0.7571747899055481,0.2437606304883957,1,1,-0.0,0,1,1,-0.0,0,4,1,-0.0,0
1,0.8227820992469788,0.8573127388954163,0.5474056005477905,2,1,-0.0,0,2,1,-0.0,0,4,1,-0.0,0
0,0.6733652353286743,0.7223040461540222,0.15113955736160278,4,2,0.6931471805599453,1,5,2,0.6931471805599453,1,5,2,0.6931471805599453,1
0,0.9406313896179199,0.8823532462120056,0.30548208951950073,6,1,-0.0,0,7,1,-0.0,0,8,1,-0.0,0
0,0.9634000062942505,0.7841274738311768,0.6919846534729004,1,1,-0.0,0,1,1,-0.0,0,2,1,-0.0,0
0,0.03637944534420967,0.8529018759727478,0.8558109998703003,0,0,0.0,0,0,0,0.0,0,0,0,0.0,0
1,0.9963710308074951,0.8626999258995056,0.9417822360992432,2,1,-0.0,0,2,1,-0.0,0,2,1,-0.0,0
0,0.9610578417778015,0.7890934348106384,0.3633723556995392,2,1,-0.0,0,3,1,-0.0,0,5,2,0.6108643020548935,1
0,0.9936115145683289,0.7749372720718384,0.7537935376167297,4,2,0.6931471805599453,1,5,2,0.6931471805599453,1,6,2,0.6365141682948128,1
0,0.9878871440887451,0.900523841381073,0.7661306262016296,9,3,1.0761763386930652,1,9,3,1.0761763386930652,1,11,3,1.080527626604172,1
0,0.5100895166397095,0.7860303521156311,0.9931862354278564,1,1,-0.0,0,2,2,0.6931471805599453,1,3,3,1.0986122886681096,1
1,0.9967718720436096,0.8692476153373718,0.9967517852783203,1,1,-0.0,0,2,1,-0.0,0,3,2,0.6365141682948128,1
1,0.9909620881080627,0.9245734810829163,0.9614287614822388,1,1,-0.0,0,1,1,-0.0,0,1,1,-0.0,0
1,0.9692166447639465,0.9030540585517883,0.9224329590797424,1,1,-0.0,0,2,1,-0.0,0,2,1,-0.0,0
1,0.9485071897506714,0.7604925036430359,0.8032917380332947,4,1,-0.0,0,5,1,-0.0,0,6,2,0.5623351446188083,1
0,0.9920449256896973,0.9019742012023926,0.7414007782936096,2,1,-0.0,0,3,1,-0.0,0,3,1,-0.0,0
0,0.5581994652748108,0.7714444398880005,0.9861884713172913,1,1,-0.0,0,2,1,-0.0,0,3,1,-0.0,0
0,0.7361794114112854,0.797968327999115,0.6348811984062195,2,1,-0.0,0,2,1,-0.0,0,2,1,-0.0,0
0,0.5843614339828491,0.8021552562713623,0.9766070246696472,1,1,-0.0,0,1,1,-0.0,0,1,1,-0.0,0
1,0.993683934211731,0.9572723507881165,0.9256924390792847,2,1,-0.0,0,2,1,-0.0,0,2,1,-0.0,0
1,0.9480688571929932,0.7958219647407532,0.941345751285553,1,1,-0.0,0,1,1,-0.0,0,1,1,-0.0,0
1,0.9726194143295288,0.955876350402832,0.9769079685211182,2,1,-0.0,0,2,1,-0.0,0,2,1,-0.0,0
0,0.7800427079200745,0.8348920345306396,0.2565162479877472,3,1,-0.0,0,3,1,-0.0,0,3,1,-0.0,0
1,0.003374612657353282,0.8491469025611877,0.8663644790649414,0,0,0.0,0,0,0,0.0,0,0,0,0.0,0
0,0.1438555270433426,0.7587565183639526,0.22671283781528473,0,0,0.0,0,0,0,0.0,0,0,0,0.0,0
0,0.9974525570869446,0.9704940319061279,0.15926817059516907,2,1,-0.0,0,2,1,-0.0,0,2,1,-0.0,0
0,0.9657953977584839,0.9683456420898438,0.9210357069969177,3,1,-0.0,0,3,1,-0.0,0,3,1,-0.0,0
0,0.9885720014572144,0.8951305150985718,0.00987846776843071,9,1,-0.0,0,9,1,-0.0,0,10,1,-0.0,0
0,0.9370525479316711,0.8051416277885437,0.021250389516353607,2,1,-0.0,0,2,1,-0.0,0,3,1,-0.0,0
0,0.8106316328048706,0.8515089154243469,0.45224207639694214,2,1,-0.0,0,3,1,-0.0,0,4,1,-0.0,0
0,0.9749749302864075,0.8626749515533447,0.6091313362121582,4,1,-0.0,0,4,1,-0.0,0,5,1,-0.0,0
0,0.16188445687294006,0.7349811792373657,0.059961918741464615,0,0,0.0,0,0,0,0.0,0,0,0,0.0,0
0,0.8992179036140442,0.7693766355514526,0.8606425523757935,4,1,-0.0,0,5,1,-0.0,0,7,1,-0.0,0
0,0.854390025138855,0.8999392986297607,0.7848758697509766,6,1,-0.0,0,9,1,-0.0,0,11,2,0.6254913597255729,1
0,0.5179461240768433,0.9355579614639282,0.13362348079681396,1,1,-0.0,0,1,1,-0.0,0,1,1,-0.0,0
0,0.06185189262032509,0.72156822681427,0.27462443709373474,0,0,0.0,0,0,0,0.0,0,0,0,0.0,0
0,0.9906754493713379,0.9478446245193481,0.2043350785970688,4,1,-0.0,0,5,1,-0.0,0,8,1,-0.0,0
1,0.5961064696311951,0.7018576264381409,0.1272699385881424,1,1,-0.0,0,1,1,-0.0,0,1,1,-0.0,0
0,0.8425847887992859,0.9165002107620239,0.6993270516395569,1,1,-0.0,0,3,1,-0.0,0,5,1,-0.0,0
0,0.520314633846283,0.7676310539245605,0.6488650441169739,1,1,-0.0,0,1,1,-0.0,0,1,1,-0.0,0
0,0.03574049100279808,0.7221768498420715,0.0388585664331913,0,0,0.0,0,0,0,0.0,0,0,0,0.0,0
0,0.6226940751075745,0.736739993095398,0.6308662295341492,2,1,-0.0,0,2,1,-0.0,0,2,1,-0.0,0
0,0.6712729930877686,0.9033697247505188,0.9328562617301941,1,1,-0.0,0,1,1,-0.0,0,1,1,-0.0,0
0,0.7142204642295837,0.8839303851127625,0.09921485930681229,1,1,-0.0,0,2,1,-0.0,0,2,1,-0.0,0
0,0.11065071821212769,0.7296545505523682,0.6207614541053772,0,0,0.0,0,0,0,0.0,0,0,0,0.0,0
1,0.04431931674480438,0.7271546721458435,0.9824590682983398,0,0,0.0,0,0,0,0.0,0,0,0,0.0,0
0,0.9911720156669617,0.8714843988418579,0.38308581709861755,4,2,0.6931471805599453,1,5,2,0.6931471805599453,1,8,2,0.6615632381579821,1
0,0.06636083871126175,0.8231219053268433,0.926840603351593,0,0,0.0,0,0,0,0.0,0,0,0,0.0,0
0,0.9807429313659668,0.7460426092147827,0.016493866220116615,5,1,-0.0,0,5,1,-0.0,0,8,2,0.6931471805599453,1
0,0.3797834515571594,0.822068452835083,0.9896239638328552,0,0,0.0,0,1,1,-0.0,0,1,1,-0.0,0
0,0.24396859109401703,0.770265519618988,0.35332390666007996,0,0,0.0,0,0,0,0.0,0,2,1,-0.0,0
0,0.8977859020233154,0.784131646156311,0.4116702079772949,2,1,-0.0,0,2,1,-0.0,0,4,2,0.6931471805599453,1
0,0.7461347579956055,0.8129282593727112,0.9631020426750183,1,1,-0.0,0,2,1,-0.0,0,3,2,0.6931471805599453,1
0,0.5405997037887573,0.7172924876213074,0.4786798059940338,1,1,-0.0,0,1,1,-0.0,0,1,1,-0.0,0
0,0.9535726308822632,0.6943415403366089,0.34733542799949646,1,1,-0.0,0,1,1,-0.0,0,1,1,-0.0,0
0,0.1671457290649414,0.8609344959259033,0.9981739521026611,0,0,0.0,0,0,0,0.0,0,0,0,0.0,0
0,0.9538582563400269,0.741754412651062,0.08603394776582718,3,1,-0.0,0,3,1,-0.0,0,3,1,-0.0,0
0,0.8213838338851929,0.869121789932251,0.05438235402107239,1,1,-0.0,0,1,1,-0.0,0,1,1,-0.0,0
0,0.6586861610412598,0.7883979082107544,0.3658439815044403,1,1,-0.0,0,1,1,-0.0,0,1,1,-0.0,0
0,0.9488978385925293,0.8005019426345825,0.8925371766090393,2,2,0.6931471805599453,1,2,2,0.6931471805599453,1,3,2,0.6365141682948128,1
0,0.8876700401306152,0.6914854645729065,0.08697694540023804,1,1,-0.0,0,1,1,-0.0,0,1,1,-0.0,0
0,0.9048575758934021,0.8022838830947876,0.8385013937950134,1,1,-0.0,0,1,1,-0.0,0,3,1,-0.0,0
0,0.9337384104728699,0.7197996973991394,0.41992107033729553,5,2,0.6108643020548935,1,7,2,0.410116318288409,1,10,3,0.818808456222877,1
0,0.729209840297699,0.7182700037956238,0.6840409636497498,3,1,-0.0,0,3,1,-0.0,0,3,1,-0.0,0
0,0.781178891658783,0.7266876101493835,0.9885148406028748,1,1,-0.0,0,1,1,-0.0,0,1,1,-0.0,0
0,0.9919412136077881,0.8951771259307861,0.9959468245506287,3,2,0.6365141682948128,1,3,2,0.6365141682948128,1,5,2,0.6108643020548935,1
0,0.9370017051696777,0.9230537414550781,0.9898041486740112,3,2,0.6931471805599453,1,4,2,0.6931471805599453,1,5,3,1.0888999753452238,1
0,0.7547125816345215,0.701539158821106,0.8547083735466003,2,1,-0.0,0,2,1,-0.0,0,3,1,-0.0,0
0,0.33452481031417847,0.876645028591156,0.1725112646818161,0,0,0.0,0,0,0,0.0,0,1,1,-0.0,0
0,0.9620915651321411,0.6987329721450806,0.9908170700073242,2,1,-0.0,0,2,1,-0.0,0,4,1,-0.0,0
0,0.0833115503191948,0.7330883741378784,0.7891356348991394,0,0,0.0,0,0,0,0.0,0,0,0,0.0,0
0,0.6940819025039673,0.8677234053611755,0.02026703581213951,2,1,-0.0,0,4,1,-0.0,0,4,1,-0.0,0
0,0.9376305937767029,0.7920313477516174,0.9321480393409729,1,1,-0.0,0,2,2,0.6931471805599453,1,4,4,1.3862943611198906,1
0,0.9123693704605103,0.8209459781646729,0.43899521231651306,1,1,-0.0,0,1,1,-0.0,0,1,1,-0.0,0
0,0.5533514022827148,0.6962035894393921,0.7375902533531189,1,1,-0.0,0,1,1,-0.0,0,1,1,-0.0,0
0,0.1904168426990509,0.8059977889060974,0.01795012317597866,0,0,0.0,0,0,0,0.0,0,0,0,0.0,0
0,0.7343289256095886,0.8836567997932434,0.23202642798423767,1,1,-0.0,0,2,1,-0.0,0,4,1,-0.0,0
0,0.5123696327209473,0.8188223838806152,0.013151704333722591,1,1,-0.0,0,1,1,-0.0,0,1,1,-0.0,0
0,0.8881416320800781,0.8464756011962891,0.5804706811904907,3,2,0.6931471805599453,1,6,2,0.6931471805599453,1,8,2,0.6931471805599453,1
0,0.9981583952903748,0.8798151016235352,0.6906560659408569,5,1,-0.0,0,7,1,-0.0,0,8,1,-0.0,0
0,0.9943363070487976,0.8253872990608215,0.434976190328598,2,1,-0.0,0,3,1,-0.0,0,7,1,-0.0,0
0,0.9181144833564758,0.847393810749054,0.01202412135899067,2,1,-0.0,0,2,1,-0.0,0,2,1,-0.0,0
0,0.987762451171875,0.8610459566116333,0.4787566363811493,3,1,-0.0,0,3,1,-0.0,0,3,1,-0.0,0
0,0.9949057102203369,0.8375334739685059,0.3506539463996887,8,2,0.5623351446188083,1,9,2,0.5908422462755825,1,10,2,0.6108643020548934,1
0,0.9759304523468018,0.9073561429977417,0.36598750948905945,4,1,-0.0,0,4,1,-0.0,0,5,1,-0.0,0
0,0.9782650470733643,0.8894903063774109,0.05719047784805298,8,1,-0.0,0,9,1,-0.0,0,12,1,-0.0,0
0,0.9979296922683716,0.9289932250976562,0.5765087604522705,3,1,-0.0,0,3,1,-0.0,0,4,1,-0.0,0
0,0.8233892321586609,0.7516022324562073,0.7035723924636841,4,1,-0.0,0,6,1,-0.0,0,6,1,-0.0,0
0,0.9861313104629517,0.8372625708580017,0.00636708177626133,6,1,-0.0,0,7,1,-0.0,0,9,1,-0.0,0
0,0.44159987568855286,0.823650062084198,0.09440077096223831,0,0,0.0,0,1,1,-0.0,0,1,1,-0.0,0
0,0.7053248286247253,0.8056356310844421,0.022661933675408363,1,1,-0.0,0,2,1,-0.0,0,2,1,-0.0,0
1,0.9882090091705322,0.7785753011703491,0.06262990087270737,9,1,-0.0,0,9,1,-0.0,0,10,1,-0.0,0
0,0.9460115432739258,0.8097660541534424,0.39675313234329224,7,1,-0.0,0,8,1,-0.0,0,8,1,-0.0,0
0,0.9402546882629395,0.8532929420471191,0.8301895260810852,6,1,-0.0,0,7,1,-0.0,0,7,1,-0.0,0
0,0.33582842350006104,0.8519013524055481,0.3931729197502136,0,0,0.0,0,0,0,0.0,0,1,1,-0.0,0
