item,id,category_annotator_a,category_annotator_b,cos_s,best_other,delta
1,data_014#24,M,M,0.3030426502227783,0.8350360989570618,0.5319934487342834
2,data_017#8,S,S,0.6257309913635254,0.7223812937736511,0.0966503024101257
3,data_022#10,S,S,0.5998818874359131,0.5923318862915039,-0.0075500011444091
4,data_023#14,M,M,0.769526481628418,0.7918310165405273,0.0223045349121093
5,data_029#18,S,S,0.6175034046173096,0.6795850396156311,0.0620816349983215
6,data_031#26,M,M,0.5335729718208313,0.8024058938026428,0.2688329219818115
7,data_035#8,M,M,0.6219205856323242,0.757174551486969,0.1352539658546447
8,data_037#12,S,S,0.6969414949417114,0.7018568515777588,0.0049153566360473
9,data_048#8,D,D,0.6668570041656494,0.6850306391716003,0.0181736350059509
10,data_057#18,S,S,0.7842200398445129,0.8400883674621582,0.0558683276176452
11,data_060#14,M,M,0.5948575735092163,0.7777942419052124,0.1829366683959961
12,data_062#16,S,S,0.5427874326705933,0.7208430171012878,0.1780555844306945
13,data_063#17,S,S,0.5666828751564026,0.7441232204437256,0.177440345287323
14,data_069#4,S,D,0.7410863637924194,0.6726969480514526,-0.0683894157409668
15,data_077#10,S,S,0.6671338677406311,0.720980703830719,0.0538468360900878
16,data_084#26,S,S,0.7213611006736755,0.7746412754058838,0.0532801747322082
17,data_096#14,D,D,0.5434757471084595,0.6562626957893372,0.1127869486808776
18,data_101#20,M,M,0.603624165058136,0.7900594472885132,0.1864352822303772
19,data_102#0,S,S,0.4665226340293884,0.7399573922157288,0.2734347581863403
20,data_104#7,S,S,0.6958509087562561,0.6834260821342468,-0.0124248266220092
21,data_108#16,S,S,0.5129383206367493,0.6277353763580322,0.1147970557212829
22,data_123#3,S,S,0.7564200162887573,0.7794588804244995,0.0230388641357421
23,data_130#4,S,S,0.8712737560272217,0.7294570207595825,-0.1418167352676391
24,data_132#8,S,S,0.6206470727920532,0.8044766187667847,0.1838295459747314
25,data_133#29,S,D,0.6146822571754456,0.6366121768951416,0.021929919719696
26,data_145#9,S,S,0.7772502899169922,0.7176868915557861,-0.059563398361206
27,data_149#17,S,S,0.7626140117645264,0.7973171472549438,0.0347031354904174
28,data_151#22,D,M,0.5601736307144165,0.7389335036277771,0.1787598729133606
29,data_152#8,S,S,0.6349119544029236,0.7952127456665039,0.1603007912635803
30,data_154#24,S,D,0.6967333555221558,0.8431612253189087,0.1464278697967529
31,data_155#5,M,M,0.3440297245979309,0.7337931394577026,0.3897634148597717
32,data_155#14,M,M,0.5192694664001465,0.6269944310188293,0.1077249646186828
33,data_156#8,S,S,0.6679062247276306,0.6837645769119263,0.0158583521842956
34,data_157#10,M,M,0.6792075634002686,0.70122230052948,0.0220147371292114
35,data_166#18,S,S,0.6801910400390625,0.8097509741783142,0.1295599341392517
36,data_169#7,S,S,0.5865569114685059,0.6682662963867188,0.0817093849182128
37,data_173#10,S,S,0.8429744243621826,0.817503809928894,-0.0254706144332885
38,data_183#9,S,S,0.7938193082809448,0.6324285268783569,-0.1613907814025879
39,data_183#10,M,M,0.5648070573806763,0.7710174322128296,0.2062103748321533
40,data_185#14,S,D,0.4721955358982086,0.6358358860015869,0.1636403501033783
41,data_185#15,M,M,0.5585636496543884,0.9000682830810547,0.3415046334266662
42,data_190#22,S,S,0.5842919945716858,0.6071000099182129,0.0228080153465271
43,data_191#14,S,S,0.720262885093689,0.6724865436553955,-0.0477763414382934
44,data_192#24,S,S,0.8193625807762146,0.7282885313034058,-0.0910740494728088
45,data_200#32,S,S,0.4994388818740845,0.5371471643447876,0.0377082824707031
46,data_201#21,D,D,0.4635703563690185,0.8485022187232971,0.3849318623542785
47,data_203#24,S,S,0.671560525894165,0.7704057693481445,0.0988452434539794
48,data_204#13,S,S,0.7453264594078064,0.7476102709770203,0.0022838115692138
49,data_204#16,M,M,0.5859031677246094,0.7472801208496094,0.161376953125
50,data_206#20,S,S,0.7432956695556641,0.7949380874633789,0.0516424179077148
