item,id,categoria,confianca,pass
1,data_014#24,M,alta,A
2,data_017#8,S,alta,A
3,data_022#10,S,media,A
4,data_023#14,M,alta,A
5,data_029#18,S,alta,A
6,data_031#26,M,media,A
7,data_035#8,M,media,A
8,data_037#12,S,alta,A
9,data_048#8,D,alta,A
10,data_057#18,S,media,A
11,data_060#14,M,alta,A
12,data_062#16,S,alta,A
13,data_063#17,S,alta,A
14,data_069#4,S,media,A
15,data_077#10,S,alta,A
16,data_084#26,S,alta,A
17,data_096#14,D,media,A
18,data_101#20,M,alta,A
19,data_102#0,S,media,A
20,data_104#7,S,alta,A
21,data_108#16,S,alta,A
22,data_123#3,S,alta,A
23,data_130#4,S,alta,A
24,data_132#8,S,alta,A
25,data_133#29,S,media,A
26,data_145#9,S,alta,A
27,data_149#17,S,alta,A
28,data_151#22,D,baixa,A
29,data_152#8,S,alta,A
30,data_154#24,S,media,A
31,data_155#5,M,alta,A
32,data_155#14,M,alta,A
33,data_156#8,S,alta,A
34,data_157#10,M,alta,A
35,data_166#18,S,alta,A
36,data_169#7,S,alta,A
37,data_173#10,S,alta,A
38,data_183#9,S,alta,A
39,data_183#10,M,media,A
40,data_185#14,S,media,A
41,data_185#15,M,baixa,A
42,data_190#22,S,alta,A
43,data_191#14,S,media,A
44,data_192#24,S,alta,A
45,data_200#32,S,media,A
46,data_201#21,D,media,A
47,data_203#24,S,alta,A
48,data_204#13,S,alta,A
49,data_204#16,M,alta,A
50,data_206#20,S,alta,A
1,data_014#24,M,alta,B
2,data_017#8,S,alta,B
3,data_022#10,S,media,B
4,data_023#14,M,alta,B
5,data_029#18,S,alta,B
6,data_031#26,M,media,B
7,data_035#8,M,alta,B
8,data_037#12,S,alta,B
9,data_048#8,D,alta,B
10,data_057#18,S,media,B
11,data_060#14,M,alta,B
12,data_062#16,S,alta,B
13,data_063#17,S,alta,B
14,data_069#4,D,media,B
15,data_077#10,S,alta,B
16,data_084#26,S,alta,B
17,data_096#14,D,media,B
18,data_101#20,M,alta,B
19,data_102#0,S,media,B
20,data_104#7,S,alta,B
21,data_108#16,S,alta,B
22,data_123#3,S,media,B
23,data_130#4,S,alta,B
24,data_132#8,S,alta,B
25,data_133#29,D,media,B
26,data_145#9,S,alta,B
27,data_149#17,S,alta,B
28,data_151#22,M,media,B
29,data_152#8,S,alta,B
30,data_154#24,D,baixa,B
31,data_155#5,M,alta,B
32,data_155#14,M,alta,B
33,data_156#8,S,media,B
34,data_157#10,M,media,B
35,data_166#18,S,alta,B
36,data_169#7,S,alta,B
37,data_173#10,S,alta,B
38,data_183#9,S,alta,B
39,data_183#10,M,alta,B
40,data_185#14,D,media,B
41,data_185#15,M,media,B
42,data_190#22,S,alta,B
43,data_191#14,S,media,B
44,data_192#24,S,alta,B
45,data_200#32,S,media,B
46,data_201#21,D,media,B
47,data_203#24,S,alta,B
48,data_204#13,S,alta,B
49,data_204#16,M,alta,B
50,data_206#20,S,alta,B
