r,k,tau,a2,aglob,obs,pred,pred_glob,tau_dev,pred_dev
0,1,0.5301314101145967,0.7145580205617591,0.7946862315477834,0.0976078808143761,0.113743945991802,0.15622242747178297,0.4776634926602325,0.10248653347979583
0,3,0.13598639756774353,0.6583979196410361,0.7946862315477834,0.015211084212455872,0.021539962474209428,0.040073319040997,0.11520409781657337,0.018248089428267653
0,5,0.11601256581567188,0.6446661794146621,0.7946862315477834,0.010088049201362748,0.01678309466064528,0.034187305832409545,0.09242702820185976,0.013371065044614277
0,8,0.0970848318974508,0.6184193223162232,0.7946862315477834,0.007030346318430913,0.011496720000480574,0.028609563252309816,0.06700364785563655,0.007934526571779342
0,12,0.06113193474372183,0.6031097984711605,0.7946862315477834,0.0032852528649174317,0.0063033014715772944,0.018014739476852396,0.033811686061197034,0.0034863161357401736
1,1,0.25357794974350056,0.6718725857253224,0.7662072682476132,0.04607135611396118,0.04358309790534129,0.06750429328904783,0.26991261164151525,0.04639057848270198
1,3,0.15982378343912124,0.6382965979875419,0.7662072682476132,0.027554125728197598,0.022103085527128107,0.04254625279032659,0.16068678780412687,0.022222436094856784
1,5,0.08202185317218792,0.6138665281745002,0.7662072682476132,0.00946004695243896,0.00933954365515565,0.021834813469574974,0.09883482188686993,0.01125397803100298
1,8,0.07042286178013506,0.5648118134341797,0.7662072682476132,0.009804944497579848,0.004564233379195141,0.018747077656669,0.08907260548198337,0.005772957088594602
1,12,0.0390980494449758,0.5629946649469426,0.7662072682476132,0.00411558415210278,0.002462968524865246,0.010408184936557117,0.05472038291756493,0.003447092187660405
2,1,0.39135914498890906,0.7182375040195763,0.7872347331397682,0.07828569267997587,0.08540924297761499,0.11241193957269716,0.3762156834973916,0.08210437173948965
2,3,0.21480830308529947,0.6688635005703318,0.7872347331397682,0.04084272282718293,0.03627328201055648,0.06170040561291244,0.162969454476784,0.027519592568987082
2,5,0.12084719701552732,0.5756875022234872,0.7872347331397682,0.01905311050615044,0.00914662249281492,0.03471151238544398,0.08294089181597149,0.006277588933739352
2,8,0.06244328493647913,0.5490729161002664,0.7872347331397682,0.007139796329905246,0.003064274082712871,0.01793588028510009,0.054266104855652336,0.0026629960106696877
2,12,0.0504354456543658,0.5275154004106776,0.7872347331397682,0.00684204224642071,0.001387751482070843,0.014486811773317043,0.043109553147794064,0.0011861766163869393
3,1,0.39114518561281497,0.7134488875748393,0.7779033340403116,0.08152612283546135,0.08348950474930938,0.10870055117561782,0.3763164574126679,0.08032432921083833
3,3,0.14335389853004255,0.677046761308706,0.7779033340403116,0.012457815269321326,0.0253803434557209,0.039838526349175354,0.13666470798897115,0.02419604393464738
3,5,0.0895246984685358,0.651257155278603,0.7779033340403116,0.005657002732734284,0.013541251217525425,0.02487921218335968,0.0959705711573699,0.014516235583726512
3,8,0.05581198356582706,0.6326530612244898,0.7779033340403116,0.003608126444936688,0.007403630473017878,0.01551033631234642,0.05554068196753231,0.007367641485488983
3,12,0.04532076581303565,0.6295134583120577,0.7779033340403116,0.0028217572047877226,0.005869649113797125,0.012594791920702782,0.04766540685444475,0.006173311683570402
4,1,0.28063935640944215,0.6904079921754925,0.7690809002600792,0.05833446748022808,0.05343597637934432,0.07551469067106194,0.26309356418810254,0.05009511731135067
4,3,0.12238805970149254,0.6029121421520237,0.7690809002600792,0.014766592569069537,0.012595217397710365,0.03293228928556194,0.09930186037820236,0.010219367171201973
4,5,0.07614813470640718,0.5997372372372373,0.7690809002600792,0.006393564094421489,0.007594804576386033,0.020490008639925828,0.08160789611535386,0.008139346095288862
4,8,0.0716569130033722,0.6170528817587642,0.7690809002600792,0.00805546734413043,0.008387648164981776,0.01928150666080557,0.06186760773069394,0.007241781772398521
4,12,0.05117875667256423,0.5704297159504734,0.7690809002600792,0.004745270607449115,0.0036045052951470956,0.013771225919645122,0.04205992543783065,0.0029622686014845042
5,1,0.39883195647290787,0.6801488360259509,0.7560321158166237,0.08575011855142634,0.07184911272854706,0.10211378967104215,0.46717696979782014,0.08416138732720811
5,3,0.16495183068360497,0.6582115513675647,0.7560321158166237,0.026656912172111746,0.026097285033373004,0.042232966217748844,0.21695707986164764,0.034325116185087906
5,5,0.10586330396585719,0.6809757136770345,0.7560321158166237,0.010711745326577926,0.019158686987429837,0.027104405701716783,0.13948153518833276,0.025242770375476918
5,8,0.0545398956747448,0.6313860355672203,0.7560321158166237,0.004682781341253439,0.007165780672954504,0.013963964886022832,0.06566686080372743,0.008627708509146235
5,12,0.04466580976863753,0.598253545550257,0.7560321158166237,0.0034988269648338344,0.004388574174641942,0.011435881779727085,0.04798057836996185,0.0047142619424007225
6,1,0.23824943111264266,0.6844142088968551,0.7565566135052172,0.05352294264783641,0.04393658035876378,0.061124467215804126,0.30694016367307897,0.05660412746244208
6,3,0.11511131179780287,0.6145501205381445,0.7565566135052172,0.021916274040318262,0.013186014641742254,0.02953256833098746,0.16078473051458866,0.018417910261139214
6,5,0.07756474621385412,0.6387665198237885,0.7565566135052172,0.013192839446025562,0.010763389893111912,0.01989974861601803,0.11566210074209299,0.016050027195488672
6,8,0.07603186957477527,0.6249890193552166,0.7565566135052172,0.013584970679278219,0.009503148817894887,0.0195064789765747,0.10675323376241772,0.013342982000962785
6,12,0.03683657039646844,0.5857479322999397,0.7565566135052172,0.004610512681880619,0.003158659744518339,0.009450665754064478,0.05706988927997599,0.004893625002344437
7,1,0.25656934306569346,0.6575879686263222,0.7769776343920831,0.053003707565751346,0.04043224158551259,0.07106396969986659,0.2668702231439874,0.04205553635211429
7,3,0.165563086548488,0.6408618449545258,0.7769776343920831,0.0325787857722164,0.023321521827585855,0.045857272054851926,0.17736298344663365,0.024983677074931834
7,5,0.09076294751477233,0.6149001120599714,0.7769776343920831,0.010576700266481276,0.010428672840340644,0.02513930649309444,0.08282764271357428,0.009516905429452958
7,8,0.06721121538639786,0.5961188897076886,0.7769776343920831,0.009138570269957125,0.006460267398844877,0.01861600344234126,0.06514767446326382,0.0062619221364468534
7,12,0.04919186652763295,0.5851296242353626,0.7769776343920831,0.004902386745452403,0.004187685112933506,0.01362504682215487,0.04395027588943939,0.003741470471508493
8,1,0.3817937037210977,0.7340678679367995,0.7948708844129213,0.07160256109206475,0.08936563822169144,0.11257984707952493,0.38672537305483307,0.09051998354800816
8,3,0.1180888868016093,0.6656862089711879,0.7948708844129213,0.011820786173859954,0.01956569997578639,0.03482097449052789,0.1327906543217548,0.022001580101375044
8,5,0.22333474224706085,0.6693458194777889,0.7948708844129213,0.030063088025798823,0.037820804943689286,0.06585491296652266,0.19843291818684847,0.0336037851417209
8,8,0.06013556880978099,0.6015342960288809,0.7948708844129213,0.004200128367695233,0.006105822645397438,0.017732228359614206,0.05245699845836551,0.005326184410258231
8,12,0.048620047276882856,0.6058413541320943,0.7948708844129213,0.002847571189279696,0.0051460116417517245,0.014336636340732494,0.04457720452252236,0.0047181116900870835
9,1,0.297119544896106,0.6654706345839142,0.7743935385043865,0.05442417605897121,0.049164559641242445,0.08152768328285545,0.22975908647820636,0.03801838184096923
9,3,0.14874672827306235,0.619687442928331,0.7743935385043865,0.018129707280594043,0.01780311555095811,0.04081514111179605,0.10675114886506058,0.012776772037320704
9,5,0.17525773195876287,0.6630843507729446,0.7743935385043865,0.02831379199829065,0.028581793434433584,0.04808958922241825,0.11998885949032168,0.01956830524996518
9,8,0.0819701137759735,0.5828900709219859,0.7743935385043865,0.00876188504887565,0.006794508544373694,0.022492069570596532,0.05654922712714107,0.00468736944715221
9,12,0.05706492708722825,0.5940242057488654,0.7743935385043865,0.004892567170557083,0.00536548444549355,0.015658247267959374,0.03681938448684027,0.0034619133825372524
10,1,0.27454102660172347,0.6736436918877421,0.7506765418031619,0.05527663294617213,0.04767231743377408,0.06882099513160991,0.2782841950339458,0.04832229501970281
10,3,0.10145497689521668,0.644428133273914,0.7506765418031619,0.008851629823904084,0.014652952924324222,0.02543238275681261,0.11319315861937995,0.016348276598775097
10,5,0.10160172349194455,0.6869789929976658,0.7506765418031619,0.006854939428000417,0.01899738794535108,0.025469168686201735,0.14238237667948536,0.026622513412144513
10,8,0.050315349069564134,0.6441554371670323,0.7506765418031619,0.002446296990133656,0.007253231141334848,0.012612877704377277,0.056811707733941036,0.008189716564591939
10,12,0.04461720994130136,0.6427649769585253,0.7506765418031619,0.00149244411140248,0.006369774949223575,0.011184487892991082,0.0482926221335992,0.006894495086170059
11,1,0.5374105170128148,0.7012489375119958,0.7625661375661376,0.10330534688466642,0.10815329555660133,0.14110580373947584,0.461646540593909,0.09290587580061263
11,3,0.265140668728826,0.6787641721688749,0.7625661375661376,0.03808219178082184,0.04739765215361047,0.06961696129983064,0.21519391914128755,0.03846896281106806
11,5,0.10566504639858595,0.686402681751519,0.7625661375661376,0.010555310060391787,0.019696248016095104,0.02774406310862343,0.07552023999392421,0.014077175261385789
11,8,0.0764619237001031,0.6746818443435442,0.7625661375661376,0.006394167034909359,0.013356509853989361,0.020076311976812786,0.04948292448292448,0.008643768512189565
11,12,0.05628516718220651,0.6561181434599156,0.7625661375661376,0.002863455589924846,0.00878713580481705,0.014778578949296286,0.034499126604389765,0.005385939596465912
12,1,0.24728872518927766,0.6618438483192581,0.7632236756530542,0.051784853825488364,0.040022158930596165,0.06509224719187967,0.2732223749172902,0.04421936060354139
12,3,0.1089559529231602,0.5945854155548008,0.7632236756530542,0.019678607497178202,0.010305644084406422,0.028679786412715357,0.11656289057419,0.011025149443228537
12,5,0.07675069473322904,0.5894642143142743,0.7632236756530542,0.01213390364165634,0.006866440602383048,0.020202599976606055,0.08486452554249165,0.007592338100812679
12,8,0.06379994323319933,0.5909668705807579,0.7632236756530542,0.010364891714027324,0.005803681179154145,0.016793655564298928,0.0711841785288113,0.006475401955627944
12,12,0.04501409268830406,0.5348574821852732,0.7632236756530542,0.006651946903239003,0.0015690779339687945,0.011848774933602663,0.04761823970863519,0.0016598519423378193
13,1,0.37635284139100933,0.6859783113211528,0.7516376883589998,0.08898218829516535,0.06999346590281759,0.09470455901497489,0.39243252194071865,0.07298393773803612
13,3,0.27707661860333616,0.6709467249093044,0.7516376883589998,0.061733107152954436,0.04736534049918476,0.06972291980367175,0.31312137771154164,0.05352707401887731
13,5,0.20823579304495335,0.599562676523799,0.7516376883589998,0.03570398642917727,0.020732512903611448,0.05239997359543515,0.2544494121543302,0.025333664513992393
13,8,0.04719819055696918,0.5909617612977984,0.7516376883589998,0.003819621147865493,0.004293230543131034,0.011876843566483298,0.0714522271899321,0.006499420433846667
13,12,0.03614927905004241,0.5916312374132916,0.7516376883589998,0.0017302798982188339,0.003312403170953764,0.009096521015997092,0.059201854611690675,0.005424739195231
14,1,0.45734548605013287,0.6937828900811879,0.7750150549903331,0.10736802360296438,0.08862573005238034,0.1257768939956579,0.492669012075687,0.09547082501347028
14,3,0.16213281350614075,0.6117199529028168,0.7750150549903331,0.02706116164986594,0.01811347028890722,0.04458896462212872,0.17497068238724606,0.01954771639567684
14,5,0.0781321344526009,0.5670770736850032,0.7750150549903331,0.009898961516396798,0.005240874939843683,0.021487513252994132,0.08417799752781212,0.005646413742829067
14,8,0.054295013639609896,0.5756859295100897,0.7750150549903331,0.00643930080901034,0.004109368575076872,0.0149319461617982,0.05764318088174701,0.004362777724953254
14,12,0.045654642735883294,0.5486547985544104,0.7750150549903331,0.004820694742018183,0.0022213174453879756,0.012555714082572954,0.04735824538049507,0.0023042058888783222
15,1,0.3433888195443588,0.6984579468936603,0.7766110551590255,0.07156196701317752,0.06814824011301104,0.09498514370397729,0.3676373137160456,0.07296054648158688
15,3,0.11350058598774666,0.6065399380232182,0.7766110551590255,0.01581372894652422,0.012092345396733472,0.03139551685123831,0.12623374348644742,0.013448935207484925
15,5,0.06486519105741409,0.5722058568705597,0.7766110551590255,0.006506210834897552,0.00468364670137315,0.017942428941483096,0.08423464845061376,0.00608223496956693
15,8,0.041800459261941286,0.5848574896413176,0.7766110551590255,0.004041568605031465,0.0035470820388224995,0.01156246914257744,0.06974938331070923,0.005918757571776797
15,12,0.03331713529805973,0.5659424199323164,0.7766110551590255,0.0036588503206257394,0.0021970125267664568,0.009215887949672315,0.059520368991840725,0.003924917166586386
16,1,0.48534126641593195,0.7209091648180626,0.7999391939892355,0.0829012269560393,0.10721633381568432,0.14557286825850946,0.5183622111714489,0.11451096314312895
16,3,0.164486096553425,0.6747015787447054,0.7999391939892355,0.02742154263518093,0.02873598074943739,0.04933582722266987,0.1954371410338226,0.034143177083960446
16,5,0.07924964547752636,0.6356396364389969,0.7999391939892355,0.012301929835378256,0.01074939310049107,0.02377007478846192,0.10167547651443089,0.013791224669179173
16,8,0.041574696343794314,0.6116475295755045,0.7999391939892355,0.0031167149639311775,0.0046417121396363946,0.012469880911704883,0.06921048512359876,0.007727179684772006
16,12,0.03244959615266046,0.5995029921898772,0.7999391939892355,0.0018496824711757842,0.003228831912542844,0.009732905715305176,0.0593550950620703,0.005906009560390601
17,1,0.4695253733677379,0.7394525138973912,0.7953174285841219,0.09424192665571984,0.11242903099151605,0.13865902591796012,0.4789817406370785,0.11469338190649667
17,3,0.2839221205723669,0.6996158695715919,0.7953174285841219,0.04689186019235281,0.05667536098866339,0.08384715056558241,0.30301657114931807,0.06048691634457329
17,5,0.1549018687934944,0.692620762048581,0.7953174285841219,0.02372976776917668,0.029837316009752205,0.04574522157496981,0.16082752084351445,0.030978719623261805
17,8,0.05996403158964735,0.6557337992376112,0.7953174285841219,0.0060020329971068875,0.009338426457059918,0.017708423616591713,0.07458942348986332,0.011616094303019535
17,12,0.04400656814449918,0.6329136908364604,0.7953174285841219,0.003324732191727242,0.005849075393131592,0.01299590654524543,0.04893450027396449,0.006504065040650404
18,1,0.36657130937481375,0.637972857278752,0.7468683136786585,0.08927230466654745,0.050576890950856414,0.09049484098833807,0.3923097974822113,0.054128103697069226
18,3,0.09021395792359498,0.5691929309558283,0.7468683136786585,0.02112164014541984,0.006242168161859311,0.02227096766287534,0.15679268049957706,0.01084894511618649
18,5,0.08327671494129567,0.5380050783837492,0.7468683136786585,0.015343584242207498,0.003164938078885082,0.020558382186256004,0.11267850923023337,0.00428235557545903
18,8,0.05619226413969843,0.524048706240487,0.7468683136786585,0.01119107217355031,0.0013513512532834623,0.013872089489953105,0.08172861621137484,0.001965467482708861
18,12,0.029688896835329878,0.5139865155644814,0.7468683136786585,0.0061758746051612246,0.0004152442176796234,0.007329247896717547,0.06503769219286461,0.0009096506941334502
19,1,0.2898534700480674,0.6863593367460494,0.7788098397468612,0.05009543650562731,0.054016900431698746,0.08081399953417331,0.22930488925181178,0.042733107073593964
19,3,0.29630707277615487,0.6877719361856418,0.7788098397468612,0.038174602250904965,0.055638152760678475,0.08261332747658129,0.21113606205981422,0.03964542717158315
19,5,0.11305152407444047,0.6491126403477001,0.7788098397468612,0.011539670162125648,0.0168574112500714,0.03151987731033317,0.08806905175053588,0.013132208839440645
19,8,0.07289836012150697,0.657450160247705,0.7788098397468612,0.006869682615425754,0.011477858482926177,0.02032478010328634,0.05872014392160865,0.009245496070225581
19,12,0.04979574260076117,0.6214322590161516,0.7788098397468612,0.0024964793240301875,0.006046809513397246,0.013883543014594173,0.04324984689190568,0.005251926610186791
20,1,0.5815092237216788,0.6742404171953651,0.7819635592357146,0.1337439643431968,0.1013224097442182,0.16396441044896198,0.42969784483016876,0.07487073175115785
20,3,0.1191345796706698,0.6274065009103662,0.7819635592357146,0.014497957162312725,0.015178519933267288,0.03359161011199286,0.10036788275684387,0.012787520745831357
20,5,0.08651108084684908,0.6306479613381504,0.7819635592357146,0.009508480871610714,0.011302496345800741,0.024392972268906226,0.06384922798545245,0.008341771469314141
20,8,0.06479509718955058,0.6225042393742136,0.7819635592357146,0.005116379844001484,0.00793767409638414,0.01826985622458973,0.05476599900539841,0.006709067051725272
20,12,0.05102760926086418,0.6359278059785674,0.7819635592357146,0.0037978209731335255,0.006936070971160893,0.014387926326482576,0.04249225588822116,0.005775879113965762
21,1,0.3866748768472906,0.7525403938399394,0.8090912919996149,0.06696736453201968,0.09765102568702486,0.11951783726852105,0.381342062193126,0.09630427457398671
21,3,0.10764162561576354,0.7063939943049443,0.8090912919996149,0.005292487684729008,0.02221658506431485,0.0332710891345152,0.1162209974005969,0.023987315875613743
21,5,0.09108682266009852,0.724062685975005,0.8090912919996149,0.006611761083743839,0.020409158142150625,0.028154143700149653,0.10616335322999904,0.023787246076826807
21,8,0.052118226600985224,0.6827214550353654,0.8090912919996149,0.000775862068965516,0.009523118198394907,0.016109289996827224,0.05359463752767883,0.009792890151150476
21,12,0.04532019704433497,0.6926770708283313,0.8090912919996149,0.0007419950738916103,0.00873216281586526,0.014008078258110627,0.047616612111292964,0.009174629344372772
22,1,0.3957290563555781,0.7156065638788359,0.7812911725955204,0.08332201937552985,0.08532178206784041,0.11131509029237933,0.3716889171434626,0.08013857025714732
22,3,0.17349878865225118,0.6927494615936827,0.7812911725955204,0.024818297837676417,0.03344179809987756,0.0488036777038941,0.14973388491175052,0.02886112569907036
22,5,0.10954928209166417,0.6303084359535044,0.7812911725955204,0.012867741341805239,0.014275195609194007,0.03081524601656166,0.10674086563414627,0.013909235253108766
22,8,0.10037139952149501,0.6700584937850353,0.7812911725955204,0.006942244508204909,0.01706900902172146,0.028233588666454788,0.10080740515523125,0.017143155483076433
22,12,0.050339569586874605,0.6022159461220943,0.7812911725955204,0.003407764090402998,0.00514550673270139,0.014160076557045754,0.04240950090752462,0.004334927259828445
23,1,0.3777236582350879,0.7179556761646314,0.7930081300813008,0.07761849412372457,0.08232701533400673,0.11067610278693144,0.33288166214995485,0.0725534477566998
23,3,0.11998856109665873,0.646341805926134,0.7930081300813008,0.016464948371186283,0.017559342721363305,0.03515762391807789,0.10721168322794339,0.015689551339957846
23,5,0.10342367606993721,0.6427015250544662,0.7930081300813008,0.014437003007324534,0.014758716301919142,0.030303977931386478,0.08707317073170731,0.012425474254742544
23,8,0.05947307245253777,0.585574104753409,0.7930081300813008,0.007547523723424487,0.005089354932060549,0.017426093749507814,0.04725685034628124,0.004043962661848843
23,12,0.05173028787906742,0.5721815519765739,0.7930081300813008,0.005985436923057974,0.0037339724633060384,0.015157394920012925,0.04113218909966877,0.00296898524540801
24,1,0.38759558198810534,0.7301788468753908,0.7936686964180485,0.07826736589224503,0.08921630411601808,0.11382468929984173,0.37997642869363,0.08746253619652891
24,3,0.3622008027422143,0.7440910623152844,0.7936686964180485,0.05881405091846603,0.08840997871279586,0.10636703758287679,0.4041370177228344,0.09864623397689758
24,5,0.10513579234172209,0.7157327948847384,0.7936686964180485,0.008745202589868994,0.022681238324301183,0.03087509108387217,0.09414265709451967,0.020309658532876276
24,8,0.06436293323176984,0.703472840605521,0.7936686964180485,0.0036694694284123974,0.013096108854371692,0.01890137869981574,0.06404171867772575,0.013030750416616506
24,12,0.05055518120294143,0.6783900553323732,0.7936686964180485,0.0018955263234992081,0.009018541572130874,0.01484647416104604,0.041797882384250314,0.0074563265513024396
25,1,0.40661118816458625,0.6871088861076345,0.7709336507421234,0.07945600246571116,0.07608056649637752,0.11016465364202382,0.3506345170036129,0.06560683390743446
25,3,0.15037447988904298,0.642650720256091,0.7709336507421234,0.020842965017722204,0.02145102786430706,0.04074150681478643,0.1352113353411844,0.019287994373207815
25,5,0.0859146247495762,0.6508601601090104,0.7709336507421234,0.006732932655262647,0.012961094045426612,0.02327716293554227,0.08823423325939152,0.013311030556607572
25,8,0.05553398058252427,0.6361699742123557,0.7709336507421234,0.003901987979657906,0.0075620607038317895,0.015046024099465493,0.05361683709354542,0.007301003324376155
25,12,0.0468824163969795,0.6498601262116973,0.7709336507421234,0.0021621205116351128,0.007025804838360695,0.012702024230046042,0.04620161469698882,0.006923779809674954
26,1,0.4685996263657464,0.6872399406995905,0.7567759543514654,0.08997257499418165,0.08774056625257262,0.12032511626880464,0.5347934498125486,0.10013469382943102
26,3,0.17844809691846092,0.6461900995851961,0.7567759543514654,0.024064499084784807,0.026087345059298533,0.045821180388440595,0.18260887505599963,0.026695609629577222
26,5,0.07771152164751319,0.6037743457397475,0.7567759543514654,0.00693016058724738,0.008064462315410909,0.019954450135144762,0.07309129706915658,0.007585001532621251
26,8,0.11491140339290094,0.6719506825187143,0.7567759543514654,0.012424596959346834,0.019759094242592614,0.02950648527207836,0.10709485746622338,0.01841503383556153
26,12,0.05003805534064248,0.5788320668172794,0.7567759543514654,0.002994106139804553,0.003944603322020251,0.012848569413984911,0.043051920492325105,0.0033938718728631725
27,1,0.4253654424230117,0.6719766457030616,0.7925143347329451,0.07858204340080677,0.07315292198590834,0.12442548940875213,0.33405872349391247,0.0574502987343296
27,3,0.11402480485636136,0.6582798048988513,0.7925143347329451,0.007962660414685963,0.018047823866294468,0.03335388993561243,0.11292910138907701,0.017874396135265706
27,5,0.12015986856072144,0.6092719391921603,0.7925143347329451,0.010599445567462618,0.013130101850705124,0.03514848401363756,0.09582975905608981,0.010471503604376417
27,8,0.05946765861478015,0.6282461371645433,0.7925143347329451,0.0022860342689767776,0.007626497503565327,0.017395142597828307,0.05551793158457116,0.007119960269086641
27,12,0.04613297150610583,0.6204142588143627,0.7925143347329451,0.0018645178559890674,0.0055550675708118495,0.013494555469362459,0.04635574217045164,0.005581892335244633
28,1,0.46287542376927854,0.6969587937976527,0.7666201117318435,0.09725803371054764,0.09116738514417444,0.12341189720328946,0.5434357541899442,0.10703445065176909
28,3,0.13556438905600918,0.6315741809866648,0.7666201117318435,0.02435181206130932,0.017836773461001997,0.03614419255697227,0.1370856610800745,0.018036933581626318
28,5,0.22110311321205176,0.640072672696394,0.7666201117318435,0.04102355202215546,0.030970504009105476,0.058950536748855684,0.23574487895716947,0.033021415270018624
28,8,0.06211502650050136,0.6211330239752514,0.7666201117318435,0.005625387957790218,0.007524180994308606,0.016561115305790092,0.06420856610800744,0.007777777777777779
28,12,0.04696975122952777,0.614969656102495,0.7666201117318435,0.0031409659552117386,0.005400096146078549,0.012523080320833588,0.04602731222842955,0.005291744258224707
29,1,0.43554974384695305,0.7518064150351633,0.7872465818010372,0.07692950715914926,0.10967421956758493,0.12511017512435463,0.5142745477555274,0.12949763021414926
29,3,0.10960245524785345,0.6264381310166706,0.7872465818010372,0.009416162122786287,0.013857929596376866,0.031482930626947056,0.1188956301645202,0.015032941264051214
29,5,0.20848708487084872,0.6867571059431524,0.7872465818010372,0.025030153214153472,0.038936444597004106,0.05988720247881404,0.24008039901734535,0.04483672051415667
29,8,0.08393341214965548,0.6534272901985907,0.7872465818010372,0.009553493593188356,0.01287767598324311,0.024109585738886184,0.09683863123154421,0.014857688776396441
29,12,0.048134680375929974,0.5732370141038872,0.7872465818010372,0.00505290247077228,0.003525240265578084,0.013826522404071352,0.04508486562942009,0.0033018809399736966
30,1,0.39456792727549705,0.7128213403086225,0.7827202196265969,0.08392584585006868,0.0839724751255664,0.11155233105693964,0.37241952981437376,0.07925882349220204
30,3,0.20165053919371423,0.6350805612223657,0.7827202196265969,0.0399920314756711,0.027239068005079563,0.05701068472866857,0.1519358072953731,0.020523574119232196
30,5,0.20728416871006583,0.6508967602238837,0.7827202196265969,0.040453444189568866,0.03127850950404985,0.058603425702826374,0.15483295537569622,0.02336379134208171
30,8,0.07452328010241897,0.5774771320589362,0.7827202196265969,0.010335644791309662,0.005773850013960211,0.02106923811785029,0.05774370360530469,0.004473816549800265
30,12,0.05379339842914605,0.5310254735467015,0.7827202196265969,0.007013473251245794,0.0016689656599506442,0.015208481418349204,0.038738285685368454,0.001201873657775964
31,1,0.2523521151483237,0.6555560749848067,0.7640037516556082,0.052163419343514095,0.03925490454658722,0.06662190513738549,0.2711204902501315,0.04217443931126702
31,3,0.1717219589257504,0.5897908469662456,0.7640037516556082,0.029632555145983175,0.01541906013464597,0.045335241398048357,0.1530130484102993,0.013739171213647917
31,5,0.07512140892867591,0.5559307900771315,0.7640037516556082,0.011792756421508455,0.004201599753088127,0.019832333786825543,0.07599954371756117,0.004250714525624694
31,8,0.058601018079691064,0.5505358268543812,0.7640037516556082,0.008988648996547832,0.002961450903165729,0.015470888623876565,0.06031800351083988,0.0030482201816257604
31,12,0.04257796501082441,0.5372085794218215,0.7640037516556082,0.005441460417763722,0.0015842655927247988,0.011240742500718864,0.050967382142879776,0.0018964238863856712
32,1,0.28251693064400685,0.7068879533303178,0.7790262512489781,0.053298646160246155,0.05844934956210193,0.07882964007196476,0.26106821691343446,0.054011869076815926
32,3,0.38444950171600567,0.6851211632971962,0.7790262512489781,0.07132435259786729,0.07116973898669439,0.10727150325835462,0.37396978229933087,0.06922972113725134
32,5,0.1332703213610586,0.6919700354842949,0.7790262512489781,0.018801120756633094,0.025583908320685807,0.03718591817212279,0.11519362945468858,0.02211372513398129
32,8,0.06607692354751286,0.6629831720849191,0.7790262512489781,0.004190602039630287,0.010769426601386332,0.018437196271527838,0.06603385109153118,0.010762406515880948
32,12,0.04918604437755795,0.6396253701535707,0.7790262512489781,0.001991300677225749,0.006867619652606483,0.013724197576435868,0.043967057256184335,0.006138916643957973
33,1,0.22640367089414315,0.6679553998632946,0.7658559371174538,0.04625842260473578,0.03802571907554356,0.060190760092394026,0.3016300496102055,0.05066039559306744
33,3,0.18027415831889734,0.6366211556056021,0.7658559371174538,0.03992879531404803,0.024629263835355016,0.04792695529793069,0.1830938728174731,0.02501449648862831
33,5,0.09517326087334373,0.6171969992429283,0.7658559371174538,0.015651705378300296,0.011154020582520277,0.025302376458006696,0.14041943173764576,0.016456736035049286
33,8,0.048038539753535614,0.5923258003766478,0.7658559371174538,0.005236064680969377,0.004435196631670591,0.01277133100393027,0.06842342632562334,0.006317247600025771
33,12,0.03730569347802157,0.5957771128549653,0.7658559371174538,0.0031257061083075355,0.003573031614377213,0.009917940099415908,0.057061400682945684,0.00546517621287288
34,1,0.3879399081930727,0.7158045447457579,0.7871013118040809,0.08102656836834055,0.08371919527631719,0.11137805654338591,0.3801914350080304,0.08204703954814442
34,3,0.17714563917095563,0.6283227475888027,0.7871013118040809,0.040113367645013165,0.022731815141791657,0.050858745386353744,0.1489199443803693,0.019109816433660665
34,5,0.08792599805258033,0.5806693039666417,0.7871013118040809,0.014647377938517114,0.007092929063473952,0.02524366938257888,0.07561197762279974,0.006099565606372545
34,8,0.0853421894561135,0.5636050911592707,0.7871013118040809,0.013546738072054532,0.005428197740087851,0.024501854545082594,0.0783363694178263,0.0049825919179071485
34,12,0.04547572680484073,0.5539930257817413,0.7871013118040809,0.006932466267909332,0.0024553720898171875,0.01305614082091378,0.047139253877744605,0.002545190949953111
35,1,0.2808207784801103,0.6996563180203917,0.7987535283391203,0.05413834893778813,0.05606764265495888,0.08389619840187144,0.2725563909774436,0.05441760547548271
35,3,0.10709151181027518,0.6445630227862705,0.7987535283391203,0.013920738082790818,0.01548147266204497,0.03199396700849028,0.10825444008692828,0.015649589089001572
35,5,0.14395703626253506,0.6699444284064665,0.7987535283391203,0.02554239342236586,0.024464696242725494,0.04300767251267503,0.17305722778707566,0.029410111657882248
35,8,0.05879592224704149,0.6367391670881808,0.7987535283391203,0.0056080984744071305,0.008039705436241893,0.017565489223256223,0.07407638698074089,0.010129143456648268
35,12,0.04361425312485148,0.587766965752559,0.7987535283391203,0.003485754004087238,0.0038278906603322815,0.013029912006924882,0.04941548222716259,0.004337046936277569
36,1,0.2826803444156058,0.6862889293551852,0.7803386701064825,0.05445056529594905,0.0526602187109382,0.07924623181871336,0.27084756051293724,0.0504559020664188
36,3,0.160554643313264,0.6363955903498961,0.7803386701064825,0.025016037808028968,0.021898945358129644,0.04500967518586108,0.19788426031312442,0.026990540506361127
36,5,0.08093060484606647,0.5763852009205169,0.7803386701064825,0.010640864923401105,0.006181900511785748,0.022687978133459522,0.08929926398057515,0.006821142221210513
36,8,0.05863952304441737,0.5475430044265143,0.7803386701064825,0.007593681397908392,0.0027878991036694206,0.0164389259059504,0.05642499430912816,0.0026826137542049224
36,12,0.04646844524486349,0.5338335607094133,0.7803386701064825,0.005939874404835566,0.0015721929632641386,0.013026902141860931,0.046348989554088574,0.0015681513518982207
37,1,0.3010953068095925,0.6830627630544378,0.7766217639330542,0.04520305091733667,0.055119338807287685,0.08328951488163361,0.44500015436386653,0.08146295781750075
37,3,0.16243798529512815,0.6930332201880808,0.7766217639330542,0.026016628873771652,0.0313559273823827,0.04493388202206986,0.24658427066503383,0.04759895581420078
37,5,0.12334226619940905,0.6415957790459782,0.7766217639330542,0.014618291761148927,0.01746474427180175,0.034119155243580855,0.19114363043232174,0.027065131260741143
37,8,0.044469181612038756,0.6385132297354053,0.7766217639330542,0.002005084862227724,0.006159569968773784,0.012301143458181497,0.08167563692246474,0.011313156260826907
37,12,0.033109324537895966,0.6110843373493976,0.7766217639330542,0.0007091321377036275,0.003677927376378323,0.009158759756304735,0.06406100460004323,0.007116174245932513
38,1,0.2757471888504265,0.6834868366463971,0.77448738170347,0.05350234168193846,0.050595979396301415,0.07568912387964584,0.2772180599369085,0.05086586487907465
38,3,0.3556415303513654,0.643372151075712,0.77448738170347,0.07166451729677148,0.05098909121833338,0.09761911249116144,0.2830211619348055,0.04057735278654048
38,5,0.07737448811059074,0.5638504810472635,0.77448738170347,0.011062184664811459,0.004940398286646992,0.02123832065212232,0.06250328601472134,0.003990864879074657
38,8,0.08628023258444761,0.5244926327495135,0.77448738170347,0.014366840878752951,0.002113230050233485,0.02368283513487144,0.05909897476340694,0.001447489484752894
38,12,0.05529254055521618,0.49516114711888487,0.77448738170347,0.00852819068304711,-0.000267552469169783,0.015177104684734218,0.037010383806519456,-0.00017908780231335342
39,1,0.38166540820847555,0.7191424607259544,0.7846786132136291,0.07071338978714381,0.08363909672878123,0.10865197912040246,0.3334298369188892,0.07306863494185908
39,3,0.20768616340819598,0.6498873918368959,0.7846786132136291,0.035770894046140755,0.031129537353865866,0.05912380898270439,0.1510768606289248,0.02264451660657577
39,5,0.15638475123089693,0.6162502742860725,0.7846786132136291,0.022560203183795258,0.01817977022475098,0.04451939410817011,0.09521322317996228,0.01106856331033165
39,8,0.08965734575566774,0.6031093279839519,0.7846786132136291,0.009861215982627125,0.009244508669691722,0.025523528854138344,0.05951386070055634,0.006136434182564888
39,12,0.060998820585463874,0.5879230836161141,0.7846786132136291,0.00560065897447104,0.005363204402820084,0.017365059651936826,0.034302547694658674,0.0030159857692032173
40,1,0.2720378782046347,0.660159971639377,0.7843257228768225,0.056105165909615784,0.04356957885809059,0.07734736637040975,0.2630036245818911,0.042122653054089035
40,3,0.19014486616880952,0.6006330881668374,0.7843257228768225,0.028663676957425444,0.0191348650816373,0.05406307652476343,0.15647762898733145,0.015746827034019792
40,5,0.16850796828085304,0.6362464214690007,0.7843257228768225,0.033974260271511736,0.0229586076672781,0.04791114989195821,0.13332575784063494,0.01816515739542907
40,8,0.08328842353786538,0.5616487825010318,0.7843257228768225,0.014743244283624612,0.005134629907539679,0.023681041229674526,0.056478211717539015,0.0034818129902217873
40,12,0.059444529986912,0.5538598912249371,0.7843257228768225,0.008768637565119142,0.0032016759190125897,0.016901608959601702,0.035893267135181754,0.0019332074636084977
41,1,0.23641906183899464,0.6813595816671794,0.803501828866103,0.039949608062709974,0.042876862153267074,0.07175361764694317,0.2924087066019068,0.05303112070516281
41,3,0.1440649496080627,0.6387274395839706,0.803501828866103,0.030935050391937224,0.01998576159292029,0.04372397568155,0.17641662169454939,0.024473826227738797
41,5,0.07178051511758118,0.5918309257809721,0.803501828866103,0.007005101405997305,0.006591671156282542,0.021785517615136845,0.0842657552317563,0.007738202314564973
41,8,0.05232984944631081,0.5930439545392304,0.803501828866103,0.007205735971133498,0.0048689761329273155,0.01588220501124316,0.06568627450980392,0.006111710739341606
41,12,0.04343660569864377,0.553725059491122,0.803501828866103,0.006118576583302282,0.0023336342252520477,0.013183089269274176,0.04913653534808419,0.0026398632847634447
42,1,0.3183650711957454,0.6817477769019071,0.7707267605037121,0.07232872991365014,0.05786214393304412,0.08618994438235783,0.38291551488577513,0.06959404357173876
42,3,0.11877752044375822,0.5763606238518892,0.7707267605037121,0.019455524103619837,0.009069925560665906,0.032156253330402104,0.14702019720607082,0.011226553977483351
42,5,0.1059537084691485,0.5783193145192987,0.7707267605037121,0.027536527134442657,0.008298221818081328,0.028684504257207304,0.1684115485230727,0.013189877037460673
42,8,0.052210213301309545,0.5339338513374132,0.7707267605037121,0.013234831589180485,0.0017716936164612726,0.014134701912271355,0.07701310117666994,0.002613351126362281
42,12,0.03337479270315091,0.5017717930545712,0.7707267605037121,0.008263281294676017,5.913322590919643e-05,0.009035449511006977,0.0560400978616592,9.929145616877826e-05
43,1,0.35412792651506664,0.6750612444879961,0.7504383557976737,0.06454856054665625,0.0619940755236812,0.0886872156584727,0.40977901513833304,0.07173642435518197
43,3,0.184392853142153,0.6353639075834316,0.7504383557976737,0.03611935700683322,0.02496013713177968,0.04617904296176271,0.19291670570598707,0.026113959122485313
43,5,0.061706060266606924,0.5561651747040138,0.7504383557976737,0.007594936708860689,0.003465731655170384,0.015453564275921202,0.06952791422949767,0.0039050474495054255
43,8,0.10446958664724991,0.5909931827973339,0.7504383557976737,0.016301669093760518,0.009506020194555126,0.026163191510799873,0.13203878946875292,0.012014629706468924
43,12,0.04446342556289907,0.5435928629359287,0.7504383557976737,0.005319536238377998,0.0019382880162253265,0.011135347191104697,0.04951078154488629,0.0021583167137369354
44,1,0.297482973982362,0.7052241746119298,0.7910886815435011,0.04800081599347206,0.06105069779663242,0.0865939266781654,0.2251215099159187,0.04620037605988578
44,3,0.18499199698710103,0.7042595216625875,0.7910886815435011,0.02160813482722912,0.03778637681599209,0.05384907649907457,0.13770532514989178,0.02812762384550798
44,5,0.13792800426827354,0.678413966563101,0.7910886815435011,0.009578507987320739,0.024608282341635014,0.040149280910378136,0.09991308049810196,0.017825889003204788
44,8,0.06298214229670777,0.6680468849534973,0.7910886815435011,0.002651978784169784,0.010583952820659647,0.01833338876193384,0.046410283700523886,0.007799103605681108
44,12,0.052807331387502744,0.6586113747535957,0.7910886815435011,0.0006747638326586314,0.008375843428440513,0.015371616469418916,0.04049443596930027,0.006422878158962168
45,1,0.3738403966803627,0.6836517660746423,0.7672787416028247,0.0589302550254327,0.06865644908039345,0.09991959078502814,0.3506035768461038,0.06438896607987353
45,3,0.15633256899421508,0.5982607080960634,0.7672787416028247,0.020762282774434593,0.015361348927848252,0.04178437231231058,0.10297135718747212,0.010118038470853673
45,5,0.09630381897966547,0.5841268394915486,0.7672787416028247,0.012159102813311118,0.008101735921725473,0.025739963548431215,0.06994671697535979,0.005884396231946873
45,8,0.0689389265885256,0.5759938642464527,0.7672787416028247,0.008344197036536993,0.005238935428464584,0.018425909546030638,0.04986041887085878,0.003789085902943311
45,12,0.05326900469079185,0.5593084036992361,0.7672787416028247,0.005429911654813546,0.0031592996348579826,0.014237672540189813,0.03962765618427259,0.0023502530306313673
46,1,0.5,0.6770496509624974,0.7666952858791017,0.12286619248721942,0.08852482548124868,0.13334764293955087,0.4439242306350782,0.07859663008773578
46,3,0.30243943098466325,0.6362351805900193,0.7666952858791017,0.05839353189597696,0.041202890497738266,0.08065917050756763,0.29194279734914547,0.03977287971881623
46,5,0.08942542787286063,0.5906905413247119,0.7666952858791017,0.013816959324294276,0.008110040461983709,0.02384934005141356,0.0809141155321832,0.007338144938423972
46,8,0.05798788619693265,0.5564288892184488,0.7666952858791017,0.0058582462769504184,0.003272192006218729,0.015465095886815772,0.04522953502723297,0.0025522524214536785
46,12,0.051980995776839296,0.5527065527065527,0.7666952858791017,0.0047496665925761405,0.002739739093651072,0.013863086528984537,0.040024415765608654,0.00210954897909903
47,1,0.46356685910438444,0.7041748801823873,0.7662153579942382,0.096930174784846,0.0946487079141633,0.1234086173507383,0.48715258282940777,0.09946432022973482
47,3,0.17180496789135377,0.6457406645983628,0.7662153579942382,0.024230631556726223,0.025038970201786276,0.04573712103238535,0.16415854403097493,0.023924575306573884
47,5,0.06607742176290082,0.5836617848400614,0.7662153579942382,0.00886620836507479,0.005528155042313797,0.01759082448994691,0.0739489662239485,0.006186702501372945
47,8,0.047730060974303906,0.5547062433744351,0.7662153579942382,0.005349401423855649,0.0026111323319368955,0.012706475269361134,0.05498847951009538,0.0030082131428694147
47,12,0.04294512312648573,0.5602598027423623,0.7662153579942382,0.0047528139044664686,0.002587864648348492,0.01143265132722404,0.05101536781196597,0.0030741760011781293
48,1,0.30376344086021506,0.6968049594659037,0.7992868645042558,0.055614790115798174,0.05978215166571806,0.0909124077660777,0.2412008281573499,0.04746951920864965
48,3,0.12509046732837056,0.611210335178901,0.7992868645042558,0.012558803763440873,0.013911352799273455,0.03743793374608008,0.09660110420979987,0.010743041177823787
48,5,0.08141736455748552,0.5939758023861536,0.7992868645042558,0.008715557795698992,0.0076512621624556815,0.024367147754609766,0.06844950540602715,0.0064325971934667565
48,8,0.10418605252274607,0.6323773238790701,0.7992868645042558,0.013699338296112473,0.013791870818485364,0.03118151698460838,0.08151311249137336,0.010790487692661605
48,12,0.05402514991728701,0.5788588149231895,0.7992868645042558,0.0047026855872621676,0.004260359298524901,0.016169017723117185,0.03930871865654474,0.003099838969404187
49,1,0.2869895238692679,0.6476904376012966,0.7667502495602985,0.0556458189574055,0.042385608367239945,0.07655452711331845,0.24929885439939156,0.03681905689974807
49,3,0.26476695313970267,0.6564248042192744,0.7667502495602985,0.04216015306442511,0.04141611880861179,0.07062665082533554,0.2230712554071398,0.0348938774540096
49,5,0.10369173828492566,0.5801959773078906,0.7667502495602985,0.01216830813625247,0.008315660290513633,0.027659797064845074,0.08064956980558065,0.006467771070019487
49,8,0.07273069443573175,0.5865136970264575,0.7667502495602985,0.009083495389247909,0.006292201262936756,0.019400930891425257,0.05075581118980843,0.004391072871607168
49,12,0.055053007966877864,0.5903040387233399,0.7667502495602985,0.004855404303368727,0.0049715089632772795,0.01468540361420977,0.03928197936968199,0.003547321386129202
